DeepCSV;OperatingPoint, measurementType, sysType, jetFlavor, etaMin, etaMax, ptMin, ptMax, discrMin, discrMax, formula
0, mujets, central, 1, -2.5, 2.5, 20, 1000, 0, 1, "1.01858+1.05504e-05*log(x+19)*log(x+18)*(3-34.9444*log(x+18))"
0, mujets, central, 0, -2.5, 2.5, 20, 1000, 0, 1, "1.01858+1.05504e-05*log(x+19)*log(x+18)*(3-34.9444*log(x+18))"
0, mujets, down, 1, -2.5, 2.5, 20, 30, 0, 1, "1.01858+1.05504e-05*log(x+19)*log(x+18)*(3-34.9444*log(x+18))-0.066579610109329224"
0, mujets, down, 1, -2.5, 2.5, 30, 50, 0, 1, "1.01858+1.05504e-05*log(x+19)*log(x+18)*(3-34.9444*log(x+18))-0.022665208205580711"
0, mujets, down, 1, -2.5, 2.5, 50, 70, 0, 1, "1.01858+1.05504e-05*log(x+19)*log(x+18)*(3-34.9444*log(x+18))-0.022240962833166122"
0, mujets, down, 1, -2.5, 2.5, 70, 100, 0, 1, "1.01858+1.05504e-05*log(x+19)*log(x+18)*(3-34.9444*log(x+18))-0.041054006665945053"
0, mujets, down, 1, -2.5, 2.5, 100, 140, 0, 1, "1.01858+1.05504e-05*log(x+19)*log(x+18)*(3-34.9444*log(x+18))-0.050053872168064117"
0, mujets, down, 1, -2.5, 2.5, 140, 200, 0, 1, "1.01858+1.05504e-05*log(x+19)*log(x+18)*(3-34.9444*log(x+18))-0.11464381217956543"
0, mujets, down, 1, -2.5, 2.5, 200, 300, 0, 1, "1.01858+1.05504e-05*log(x+19)*log(x+18)*(3-34.9444*log(x+18))-0.10057545453310013"
0, mujets, down, 1, -2.5, 2.5, 300, 600, 0, 1, "1.01858+1.05504e-05*log(x+19)*log(x+18)*(3-34.9444*log(x+18))-0.061666190624237061"
0, mujets, down, 1, -2.5, 2.5, 600, 1000, 0, 1, "1.01858+1.05504e-05*log(x+19)*log(x+18)*(3-34.9444*log(x+18))-0.24173961579799652"
0, mujets, down, 0, -2.5, 2.5, 20, 30, 0, 1, "1.01858+1.05504e-05*log(x+19)*log(x+18)*(3-34.9444*log(x+18))-0.026631845161318779"
0, mujets, down, 0, -2.5, 2.5, 30, 50, 0, 1, "1.01858+1.05504e-05*log(x+19)*log(x+18)*(3-34.9444*log(x+18))-0.0090660834684967995"
0, mujets, down, 0, -2.5, 2.5, 50, 70, 0, 1, "1.01858+1.05504e-05*log(x+19)*log(x+18)*(3-34.9444*log(x+18))-0.0088963853195309639"
0, mujets, down, 0, -2.5, 2.5, 70, 100, 0, 1, "1.01858+1.05504e-05*log(x+19)*log(x+18)*(3-34.9444*log(x+18))-0.016421603038907051"
0, mujets, down, 0, -2.5, 2.5, 100, 140, 0, 1, "1.01858+1.05504e-05*log(x+19)*log(x+18)*(3-34.9444*log(x+18))-0.020021548494696617"
0, mujets, down, 0, -2.5, 2.5, 140, 200, 0, 1, "1.01858+1.05504e-05*log(x+19)*log(x+18)*(3-34.9444*log(x+18))-0.045857526361942291"
0, mujets, down, 0, -2.5, 2.5, 200, 300, 0, 1, "1.01858+1.05504e-05*log(x+19)*log(x+18)*(3-34.9444*log(x+18))-0.040230181068181992"
0, mujets, down, 0, -2.5, 2.5, 300, 600, 0, 1, "1.01858+1.05504e-05*log(x+19)*log(x+18)*(3-34.9444*log(x+18))-0.024666476994752884"
0, mujets, down, 0, -2.5, 2.5, 600, 1000, 0, 1, "1.01858+1.05504e-05*log(x+19)*log(x+18)*(3-34.9444*log(x+18))-0.096695847809314728" 
0, mujets, up, 1, -2.5, 2.5, 20, 30, 0, 1, "1.01858+1.05504e-05*log(x+19)*log(x+18)*(3-34.9444*log(x+18))+0.066579610109329224"
0, mujets, up, 1, -2.5, 2.5, 30, 50, 0, 1, "1.01858+1.05504e-05*log(x+19)*log(x+18)*(3-34.9444*log(x+18))+0.022665208205580711"
0, mujets, up, 1, -2.5, 2.5, 50, 70, 0, 1, "1.01858+1.05504e-05*log(x+19)*log(x+18)*(3-34.9444*log(x+18))+0.022240962833166122"
0, mujets, up, 1, -2.5, 2.5, 70, 100, 0, 1, "1.01858+1.05504e-05*log(x+19)*log(x+18)*(3-34.9444*log(x+18))+0.041054006665945053"
0, mujets, up, 1, -2.5, 2.5, 100, 140, 0, 1, "1.01858+1.05504e-05*log(x+19)*log(x+18)*(3-34.9444*log(x+18))+0.050053872168064117"
0, mujets, up, 1, -2.5, 2.5, 140, 200, 0, 1, "1.01858+1.05504e-05*log(x+19)*log(x+18)*(3-34.9444*log(x+18))+0.11464381217956543"
0, mujets, up, 1, -2.5, 2.5, 200, 300, 0, 1, "1.01858+1.05504e-05*log(x+19)*log(x+18)*(3-34.9444*log(x+18))+0.10057545453310013"
0, mujets, up, 1, -2.5, 2.5, 300, 600, 0, 1, "1.01858+1.05504e-05*log(x+19)*log(x+18)*(3-34.9444*log(x+18))+0.061666190624237061"
0, mujets, up, 1, -2.5, 2.5, 600, 1000, 0, 1, "1.01858+1.05504e-05*log(x+19)*log(x+18)*(3-34.9444*log(x+18))+0.24173961579799652"
0, mujets, up, 0, -2.5, 2.5, 20, 30, 0, 1, "1.01858+1.05504e-05*log(x+19)*log(x+18)*(3-34.9444*log(x+18))+0.026631845161318779"
0, mujets, up, 0, -2.5, 2.5, 30, 50, 0, 1, "1.01858+1.05504e-05*log(x+19)*log(x+18)*(3-34.9444*log(x+18))+0.0090660834684967995"
0, mujets, up, 0, -2.5, 2.5, 50, 70, 0, 1, "1.01858+1.05504e-05*log(x+19)*log(x+18)*(3-34.9444*log(x+18))+0.0088963853195309639"
0, mujets, up, 0, -2.5, 2.5, 70, 100, 0, 1, "1.01858+1.05504e-05*log(x+19)*log(x+18)*(3-34.9444*log(x+18))+0.016421603038907051"
0, mujets, up, 0, -2.5, 2.5, 100, 140, 0, 1, "1.01858+1.05504e-05*log(x+19)*log(x+18)*(3-34.9444*log(x+18))+0.020021548494696617"
0, mujets, up, 0, -2.5, 2.5, 140, 200, 0, 1, "1.01858+1.05504e-05*log(x+19)*log(x+18)*(3-34.9444*log(x+18))+0.045857526361942291"
0, mujets, up, 0, -2.5, 2.5, 200, 300, 0, 1, "1.01858+1.05504e-05*log(x+19)*log(x+18)*(3-34.9444*log(x+18))+0.040230181068181992"
0, mujets, up, 0, -2.5, 2.5, 300, 600, 0, 1, "1.01858+1.05504e-05*log(x+19)*log(x+18)*(3-34.9444*log(x+18))+0.024666476994752884"
0, mujets, up, 0, -2.5, 2.5, 600, 1000, 0, 1, "1.01858+1.05504e-05*log(x+19)*log(x+18)*(3-34.9444*log(x+18))+0.096695847809314728"
0, comb, central, 1, -2.5, 2.5, 20, 1000, 0, 1, "1.00872+-1.57517e-06*log(x+19)*log(x+18)*(3- -179.16*log(x+18))"
0, comb, central, 0, -2.5, 2.5, 20, 1000, 0, 1, "1.00872+-1.57517e-06*log(x+19)*log(x+18)*(3- -179.16*log(x+18))"
0, comb, down, 1, -2.5, 2.5, 20, 30, 0, 1, "1.00872+-1.57517e-06*log(x+19)*log(x+18)*(3- -179.16*log(x+18))-0.065820932388305664"
0, comb, down, 1, -2.5, 2.5, 30, 50, 0, 1, "1.00872+-1.57517e-06*log(x+19)*log(x+18)*(3- -179.16*log(x+18))-0.020254978910088539"
0, comb, down, 1, -2.5, 2.5, 50, 70, 0, 1, "1.00872+-1.57517e-06*log(x+19)*log(x+18)*(3- -179.16*log(x+18))-0.018725322559475899"
0, comb, down, 1, -2.5, 2.5, 70, 100, 0, 1, "1.00872+-1.57517e-06*log(x+19)*log(x+18)*(3- -179.16*log(x+18))-0.022655976936221123"
0, comb, down, 1, -2.5, 2.5, 100, 140, 0, 1, "1.00872+-1.57517e-06*log(x+19)*log(x+18)*(3- -179.16*log(x+18))-0.02221098355948925"
0, comb, down, 1, -2.5, 2.5, 140, 200, 0, 1, "1.00872+-1.57517e-06*log(x+19)*log(x+18)*(3- -179.16*log(x+18))-0.022172883152961731"
0, comb, down, 1, -2.5, 2.5, 200, 300, 0, 1, "1.00872+-1.57517e-06*log(x+19)*log(x+18)*(3- -179.16*log(x+18))-0.048132143914699554"
0, comb, down, 1, -2.5, 2.5, 300, 600, 0, 1, "1.00872+-1.57517e-06*log(x+19)*log(x+18)*(3- -179.16*log(x+18))-0.06063862144947052"
0, comb, down, 1, -2.5, 2.5, 600, 1000, 0, 1, "1.00872+-1.57517e-06*log(x+19)*log(x+18)*(3- -179.16*log(x+18))-0.24641968309879303"
0, comb, down, 0, -2.5, 2.5, 20, 30, 0, 1, "1.00872+-1.57517e-06*log(x+19)*log(x+18)*(3- -179.16*log(x+18))-0.026328373700380325"
0, comb, down, 0, -2.5, 2.5, 30, 50, 0, 1, "1.00872+-1.57517e-06*log(x+19)*log(x+18)*(3- -179.16*log(x+18))-0.0081019913777709007"
0, comb, down, 0, -2.5, 2.5, 50, 70, 0, 1, "1.00872+-1.57517e-06*log(x+19)*log(x+18)*(3- -179.16*log(x+18))-0.0074901287443935871"
0, comb, down, 0, -2.5, 2.5, 70, 100, 0, 1, "1.00872+-1.57517e-06*log(x+19)*log(x+18)*(3- -179.16*log(x+18))-0.0090623907744884491"
0, comb, down, 0, -2.5, 2.5, 100, 140, 0, 1, "1.00872+-1.57517e-06*log(x+19)*log(x+18)*(3- -179.16*log(x+18))-0.008884393610060215"
0, comb, down, 0, -2.5, 2.5, 140, 200, 0, 1, "1.00872+-1.57517e-06*log(x+19)*log(x+18)*(3- -179.16*log(x+18))-0.0088691534474492073"
0, comb, down, 0, -2.5, 2.5, 200, 300, 0, 1, "1.00872+-1.57517e-06*log(x+19)*log(x+18)*(3- -179.16*log(x+18))-0.019252857193350792"
0, comb, down, 0, -2.5, 2.5, 300, 600, 0, 1, "1.00872+-1.57517e-06*log(x+19)*log(x+18)*(3- -179.16*log(x+18))-0.024255448952317238"
0, comb, down, 0, -2.5, 2.5, 600, 1000, 0, 1, "1.00872+-1.57517e-06*log(x+19)*log(x+18)*(3- -179.16*log(x+18))-0.098567873239517212"
0, comb, up, 1, -2.5, 2.5, 20, 30, 0, 1, "1.00872+-1.57517e-06*log(x+19)*log(x+18)*(3- -179.16*log(x+18))+0.065820932388305664"
0, comb, up, 1, -2.5, 2.5, 30, 50, 0, 1, "1.00872+-1.57517e-06*log(x+19)*log(x+18)*(3- -179.16*log(x+18))+0.020254978910088539"
0, comb, up, 1, -2.5, 2.5, 50, 70, 0, 1, "1.00872+-1.57517e-06*log(x+19)*log(x+18)*(3- -179.16*log(x+18))+0.018725322559475899"
0, comb, up, 1, -2.5, 2.5, 70, 100, 0, 1, "1.00872+-1.57517e-06*log(x+19)*log(x+18)*(3- -179.16*log(x+18))+0.022655976936221123"
0, comb, up, 1, -2.5, 2.5, 100, 140, 0, 1, "1.00872+-1.57517e-06*log(x+19)*log(x+18)*(3- -179.16*log(x+18))+0.02221098355948925"
0, comb, up, 1, -2.5, 2.5, 140, 200, 0, 1, "1.00872+-1.57517e-06*log(x+19)*log(x+18)*(3- -179.16*log(x+18))+0.022172883152961731"
0, comb, up, 1, -2.5, 2.5, 200, 300, 0, 1, "1.00872+-1.57517e-06*log(x+19)*log(x+18)*(3- -179.16*log(x+18))+0.048132143914699554"
0, comb, up, 1, -2.5, 2.5, 300, 600, 0, 1, "1.00872+-1.57517e-06*log(x+19)*log(x+18)*(3- -179.16*log(x+18))+0.06063862144947052"
0, comb, up, 1, -2.5, 2.5, 600, 1000, 0, 1, "1.00872+-1.57517e-06*log(x+19)*log(x+18)*(3- -179.16*log(x+18))+0.24641968309879303"
0, comb, up, 0, -2.5, 2.5, 20, 30, 0, 1, "1.00872+-1.57517e-06*log(x+19)*log(x+18)*(3- -179.16*log(x+18))+0.026328373700380325"
0, comb, up, 0, -2.5, 2.5, 30, 50, 0, 1, "1.00872+-1.57517e-06*log(x+19)*log(x+18)*(3- -179.16*log(x+18))+0.0081019913777709007"
0, comb, up, 0, -2.5, 2.5, 50, 70, 0, 1, "1.00872+-1.57517e-06*log(x+19)*log(x+18)*(3- -179.16*log(x+18))+0.0074901287443935871"
0, comb, up, 0, -2.5, 2.5, 70, 100, 0, 1, "1.00872+-1.57517e-06*log(x+19)*log(x+18)*(3- -179.16*log(x+18))+0.0090623907744884491"
0, comb, up, 0, -2.5, 2.5, 100, 140, 0, 1, "1.00872+-1.57517e-06*log(x+19)*log(x+18)*(3- -179.16*log(x+18))+0.008884393610060215"
0, comb, up, 0, -2.5, 2.5, 140, 200, 0, 1, "1.00872+-1.57517e-06*log(x+19)*log(x+18)*(3- -179.16*log(x+18))+0.0088691534474492073"
0, comb, up, 0, -2.5, 2.5, 200, 300, 0, 1, "1.00872+-1.57517e-06*log(x+19)*log(x+18)*(3- -179.16*log(x+18))+0.019252857193350792"
0, comb, up, 0, -2.5, 2.5, 300, 600, 0, 1, "1.00872+-1.57517e-06*log(x+19)*log(x+18)*(3- -179.16*log(x+18))+0.024255448952317238"
0, comb, up, 0, -2.5, 2.5, 600, 1000, 0, 1, "1.00872+-1.57517e-06*log(x+19)*log(x+18)*(3- -179.16*log(x+18))+0.098567873239517212"
1, mujets, central, 1, -2.5, 2.5, 20, 1000, 0, 1, "1.00635+1.19211e-05*log(x+19)*log(x+18)*(3-22.3187*log(x+18))"
1, mujets, central, 0, -2.5, 2.5, 20, 1000, 0, 1, "1.00635+1.19211e-05*log(x+19)*log(x+18)*(3-22.3187*log(x+18))"
1, mujets, down, 1, -2.5, 2.5, 20, 30, 0, 1, "1.00635+1.19211e-05*log(x+19)*log(x+18)*(3-22.3187*log(x+18))-0.13491140305995941"
1, mujets, down, 1, -2.5, 2.5, 30, 50, 0, 1, "1.00635+1.19211e-05*log(x+19)*log(x+18)*(3-22.3187*log(x+18))-0.048510201275348663"
1, mujets, down, 1, -2.5, 2.5, 50, 70, 0, 1, "1.00635+1.19211e-05*log(x+19)*log(x+18)*(3-22.3187*log(x+18))-0.054248549044132233"
1, mujets, down, 1, -2.5, 2.5, 70, 100, 0, 1, "1.00635+1.19211e-05*log(x+19)*log(x+18)*(3-22.3187*log(x+18))-0.056840769946575165"
1, mujets, down, 1, -2.5, 2.5, 100, 140, 0, 1, "1.00635+1.19211e-05*log(x+19)*log(x+18)*(3-22.3187*log(x+18))-0.081443741917610168"
1, mujets, down, 1, -2.5, 2.5, 140, 200, 0, 1, "1.00635+1.19211e-05*log(x+19)*log(x+18)*(3-22.3187*log(x+18))-0.25088942050933838"
1, mujets, down, 1, -2.5, 2.5, 200, 300, 0, 1, "1.00635+1.19211e-05*log(x+19)*log(x+18)*(3-22.3187*log(x+18))-0.21502035856246948"
1, mujets, down, 1, -2.5, 2.5, 300, 600, 0, 1, "1.00635+1.19211e-05*log(x+19)*log(x+18)*(3-22.3187*log(x+18))-0.14369340240955353"
1, mujets, down, 1, -2.5, 2.5, 600, 1000, 0, 1, "1.00635+1.19211e-05*log(x+19)*log(x+18)*(3-22.3187*log(x+18))-0.32555884122848511"
1, mujets, down, 0, -2.5, 2.5, 20, 30, 0, 1, "1.00635+1.19211e-05*log(x+19)*log(x+18)*(3-22.3187*log(x+18))-0.044970467686653137"
1, mujets, down, 0, -2.5, 2.5, 30, 50, 0, 1, "1.00635+1.19211e-05*log(x+19)*log(x+18)*(3-22.3187*log(x+18))-0.016170067712664604"
1, mujets, down, 0, -2.5, 2.5, 50, 70, 0, 1, "1.00635+1.19211e-05*log(x+19)*log(x+18)*(3-22.3187*log(x+18))-0.018082849681377411"
1, mujets, down, 0, -2.5, 2.5, 70, 100, 0, 1, "1.00635+1.19211e-05*log(x+19)*log(x+18)*(3-22.3187*log(x+18))-0.018946923315525055"
1, mujets, down, 0, -2.5, 2.5, 100, 140, 0, 1, "1.00635+1.19211e-05*log(x+19)*log(x+18)*(3-22.3187*log(x+18))-0.027147915214300156"
1, mujets, down, 0, -2.5, 2.5, 140, 200, 0, 1, "1.00635+1.19211e-05*log(x+19)*log(x+18)*(3-22.3187*log(x+18))-0.083629809319972992"
1, mujets, down, 0, -2.5, 2.5, 200, 300, 0, 1, "1.00635+1.19211e-05*log(x+19)*log(x+18)*(3-22.3187*log(x+18))-0.071673452854156494"
1, mujets, down, 0, -2.5, 2.5, 300, 600, 0, 1, "1.00635+1.19211e-05*log(x+19)*log(x+18)*(3-22.3187*log(x+18))-0.047897800803184509"
1, mujets, down, 0, -2.5, 2.5, 600, 1000, 0, 1, "1.00635+1.19211e-05*log(x+19)*log(x+18)*(3-22.3187*log(x+18))-0.10851961374282837"
1, mujets, up, 1, -2.5, 2.5, 20, 30, 0, 1, "1.00635+1.19211e-05*log(x+19)*log(x+18)*(3-22.3187*log(x+18))+0.13491140305995941"
1, mujets, up, 1, -2.5, 2.5, 30, 50, 0, 1, "1.00635+1.19211e-05*log(x+19)*log(x+18)*(3-22.3187*log(x+18))+0.048510201275348663"
1, mujets, up, 1, -2.5, 2.5, 50, 70, 0, 1, "1.00635+1.19211e-05*log(x+19)*log(x+18)*(3-22.3187*log(x+18))+0.054248549044132233"
1, mujets, up, 1, -2.5, 2.5, 70, 100, 0, 1, "1.00635+1.19211e-05*log(x+19)*log(x+18)*(3-22.3187*log(x+18))+0.056840769946575165"
1, mujets, up, 1, -2.5, 2.5, 100, 140, 0, 1, "1.00635+1.19211e-05*log(x+19)*log(x+18)*(3-22.3187*log(x+18))+0.081443741917610168"
1, mujets, up, 1, -2.5, 2.5, 140, 200, 0, 1, "1.00635+1.19211e-05*log(x+19)*log(x+18)*(3-22.3187*log(x+18))+0.25088942050933838"
1, mujets, up, 1, -2.5, 2.5, 200, 300, 0, 1, "1.00635+1.19211e-05*log(x+19)*log(x+18)*(3-22.3187*log(x+18))+0.21502035856246948"
1, mujets, up, 1, -2.5, 2.5, 300, 600, 0, 1, "1.00635+1.19211e-05*log(x+19)*log(x+18)*(3-22.3187*log(x+18))+0.14369340240955353"
1, mujets, up, 1, -2.5, 2.5, 600, 1000, 0, 1, "1.00635+1.19211e-05*log(x+19)*log(x+18)*(3-22.3187*log(x+18))+0.32555884122848511"
1, mujets, up, 0, -2.5, 2.5, 20, 30, 0, 1, "1.00635+1.19211e-05*log(x+19)*log(x+18)*(3-22.3187*log(x+18))+0.044970467686653137"
1, mujets, up, 0, -2.5, 2.5, 30, 50, 0, 1, "1.00635+1.19211e-05*log(x+19)*log(x+18)*(3-22.3187*log(x+18))+0.016170067712664604"
1, mujets, up, 0, -2.5, 2.5, 50, 70, 0, 1, "1.00635+1.19211e-05*log(x+19)*log(x+18)*(3-22.3187*log(x+18))+0.018082849681377411"
1, mujets, up, 0, -2.5, 2.5, 70, 100, 0, 1, "1.00635+1.19211e-05*log(x+19)*log(x+18)*(3-22.3187*log(x+18))+0.018946923315525055"
1, mujets, up, 0, -2.5, 2.5, 100, 140, 0, 1, "1.00635+1.19211e-05*log(x+19)*log(x+18)*(3-22.3187*log(x+18))+0.027147915214300156"
1, mujets, up, 0, -2.5, 2.5, 140, 200, 0, 1, "1.00635+1.19211e-05*log(x+19)*log(x+18)*(3-22.3187*log(x+18))+0.083629809319972992"
1, mujets, up, 0, -2.5, 2.5, 200, 300, 0, 1, "1.00635+1.19211e-05*log(x+19)*log(x+18)*(3-22.3187*log(x+18))+0.071673452854156494"
1, mujets, up, 0, -2.5, 2.5, 300, 600, 0, 1, "1.00635+1.19211e-05*log(x+19)*log(x+18)*(3-22.3187*log(x+18))+0.047897800803184509"
1, mujets, up, 0, -2.5, 2.5, 600, 1000, 0, 1, "1.00635+1.19211e-05*log(x+19)*log(x+18)*(3-22.3187*log(x+18))+0.10851961374282837"
1, comb, central, 1, -2.5, 2.5, 20, 1000, 0, 1, "0.841073+0.0062414*log(x+19)*log(x+18)*(3-0.425863*log(x+18))"
1, comb, central, 0, -2.5, 2.5, 20, 1000, 0, 1, "0.841073+0.0062414*log(x+19)*log(x+18)*(3-0.425863*log(x+18))"
1, comb, down, 1, -2.5, 2.5, 20, 30, 0, 1, "0.841073+0.0062414*log(x+19)*log(x+18)*(3-0.425863*log(x+18))-0.12748730182647705"
1, comb, down, 1, -2.5, 2.5, 30, 50, 0, 1, "0.841073+0.0062414*log(x+19)*log(x+18)*(3-0.425863*log(x+18))-0.037610460072755814"
1, comb, down, 1, -2.5, 2.5, 50, 70, 0, 1, "0.841073+0.0062414*log(x+19)*log(x+18)*(3-0.425863*log(x+18))-0.035136546939611435"
1, comb, down, 1, -2.5, 2.5, 70, 100, 0, 1, "0.841073+0.0062414*log(x+19)*log(x+18)*(3-0.425863*log(x+18))-0.031182685866951942"
1, comb, down, 1, -2.5, 2.5, 100, 140, 0, 1, "0.841073+0.0062414*log(x+19)*log(x+18)*(3-0.425863*log(x+18))-0.032295394688844681"
1, comb, down, 1, -2.5, 2.5, 140, 200, 0, 1, "0.841073+0.0062414*log(x+19)*log(x+18)*(3-0.425863*log(x+18))-0.037253554910421371"
1, comb, down, 1, -2.5, 2.5, 200, 300, 0, 1, "0.841073+0.0062414*log(x+19)*log(x+18)*(3-0.425863*log(x+18))-0.083013772964477539"
1, comb, down, 1, -2.5, 2.5, 300, 600, 0, 1, "0.841073+0.0062414*log(x+19)*log(x+18)*(3-0.425863*log(x+18))-0.13607245683670044"
1, comb, down, 1, -2.5, 2.5, 600, 1000, 0, 1, "0.841073+0.0062414*log(x+19)*log(x+18)*(3-0.425863*log(x+18))-0.3109399676322937"
1, comb, down, 0, -2.5, 2.5, 20, 30, 0, 1, "0.841073+0.0062414*log(x+19)*log(x+18)*(3-0.425863*log(x+18))-0.042495764791965485"
1, comb, down, 0, -2.5, 2.5, 30, 50, 0, 1, "0.841073+0.0062414*log(x+19)*log(x+18)*(3-0.425863*log(x+18))-0.012536820024251938"
1, comb, down, 0, -2.5, 2.5, 50, 70, 0, 1, "0.841073+0.0062414*log(x+19)*log(x+18)*(3-0.425863*log(x+18))-0.011712182313203812"
1, comb, down, 0, -2.5, 2.5, 70, 100, 0, 1, "0.841073+0.0062414*log(x+19)*log(x+18)*(3-0.425863*log(x+18))-0.010394228622317314"
1, comb, down, 0, -2.5, 2.5, 100, 140, 0, 1, "0.841073+0.0062414*log(x+19)*log(x+18)*(3-0.425863*log(x+18))-0.010765131562948227"
1, comb, down, 0, -2.5, 2.5, 140, 200, 0, 1, "0.841073+0.0062414*log(x+19)*log(x+18)*(3-0.425863*log(x+18))-0.012417851947247982"
1, comb, down, 0, -2.5, 2.5, 200, 300, 0, 1, "0.841073+0.0062414*log(x+19)*log(x+18)*(3-0.425863*log(x+18))-0.02767125703394413"
1, comb, down, 0, -2.5, 2.5, 300, 600, 0, 1, "0.841073+0.0062414*log(x+19)*log(x+18)*(3-0.425863*log(x+18))-0.045357488095760345"
1, comb, down, 0, -2.5, 2.5, 600, 1000, 0, 1, "0.841073+0.0062414*log(x+19)*log(x+18)*(3-0.425863*log(x+18))-0.1036466509103775"
1, comb, up, 1, -2.5, 2.5, 20, 30, 0, 1, "0.841073+0.0062414*log(x+19)*log(x+18)*(3-0.425863*log(x+18))+0.12748730182647705"
1, comb, up, 1, -2.5, 2.5, 30, 50, 0, 1, "0.841073+0.0062414*log(x+19)*log(x+18)*(3-0.425863*log(x+18))+0.037610460072755814"
1, comb, up, 1, -2.5, 2.5, 50, 70, 0, 1, "0.841073+0.0062414*log(x+19)*log(x+18)*(3-0.425863*log(x+18))+0.035136546939611435"
1, comb, up, 1, -2.5, 2.5, 70, 100, 0, 1, "0.841073+0.0062414*log(x+19)*log(x+18)*(3-0.425863*log(x+18))+0.031182685866951942"
1, comb, up, 1, -2.5, 2.5, 100, 140, 0, 1, "0.841073+0.0062414*log(x+19)*log(x+18)*(3-0.425863*log(x+18))+0.032295394688844681"
1, comb, up, 1, -2.5, 2.5, 140, 200, 0, 1, "0.841073+0.0062414*log(x+19)*log(x+18)*(3-0.425863*log(x+18))+0.037253554910421371"
1, comb, up, 1, -2.5, 2.5, 200, 300, 0, 1, "0.841073+0.0062414*log(x+19)*log(x+18)*(3-0.425863*log(x+18))+0.083013772964477539"
1, comb, up, 1, -2.5, 2.5, 300, 600, 0, 1, "0.841073+0.0062414*log(x+19)*log(x+18)*(3-0.425863*log(x+18))+0.13607245683670044"
1, comb, up, 1, -2.5, 2.5, 600, 1000, 0, 1, "0.841073+0.0062414*log(x+19)*log(x+18)*(3-0.425863*log(x+18))+0.3109399676322937"
1, comb, up, 0, -2.5, 2.5, 20, 30, 0, 1, "0.841073+0.0062414*log(x+19)*log(x+18)*(3-0.425863*log(x+18))+0.042495764791965485"
1, comb, up, 0, -2.5, 2.5, 30, 50, 0, 1, "0.841073+0.0062414*log(x+19)*log(x+18)*(3-0.425863*log(x+18))+0.012536820024251938"
1, comb, up, 0, -2.5, 2.5, 50, 70, 0, 1, "0.841073+0.0062414*log(x+19)*log(x+18)*(3-0.425863*log(x+18))+0.011712182313203812"
1, comb, up, 0, -2.5, 2.5, 70, 100, 0, 1, "0.841073+0.0062414*log(x+19)*log(x+18)*(3-0.425863*log(x+18))+0.010394228622317314"
1, comb, up, 0, -2.5, 2.5, 100, 140, 0, 1, "0.841073+0.0062414*log(x+19)*log(x+18)*(3-0.425863*log(x+18))+0.010765131562948227"
1, comb, up, 0, -2.5, 2.5, 140, 200, 0, 1, "0.841073+0.0062414*log(x+19)*log(x+18)*(3-0.425863*log(x+18))+0.012417851947247982"
1, comb, up, 0, -2.5, 2.5, 200, 300, 0, 1, "0.841073+0.0062414*log(x+19)*log(x+18)*(3-0.425863*log(x+18))+0.02767125703394413"
1, comb, up, 0, -2.5, 2.5, 300, 600, 0, 1, "0.841073+0.0062414*log(x+19)*log(x+18)*(3-0.425863*log(x+18))+0.045357488095760345"
1, comb, up, 0, -2.5, 2.5, 600, 1000, 0, 1, "0.841073+0.0062414*log(x+19)*log(x+18)*(3-0.425863*log(x+18))+0.1036466509103775"
2, mujets, central, 1, -2.5, 2.5, 20, 1000, 0, 1, "1.24751+-0.0101816*log(x+19)*log(x+18)*(3-0.370828*log(x+18))"
2, mujets, central, 0, -2.5, 2.5, 20, 1000, 0, 1, "1.24751+-0.0101816*log(x+19)*log(x+18)*(3-0.370828*log(x+18))"
2, mujets, down, 1, -2.5, 2.5, 20, 30, 0, 1, "1.24751+-0.0101816*log(x+19)*log(x+18)*(3-0.370828*log(x+18))-0.22386409342288971"
2, mujets, down, 1, -2.5, 2.5, 30, 50, 0, 1, "1.24751+-0.0101816*log(x+19)*log(x+18)*(3-0.370828*log(x+18))-0.085640758275985718"
2, mujets, down, 1, -2.5, 2.5, 50, 70, 0, 1, "1.24751+-0.0101816*log(x+19)*log(x+18)*(3-0.370828*log(x+18))-0.073980927467346191"
2, mujets, down, 1, -2.5, 2.5, 70, 100, 0, 1, "1.24751+-0.0101816*log(x+19)*log(x+18)*(3-0.370828*log(x+18))-0.07738717645406723"
2, mujets, down, 1, -2.5, 2.5, 100, 140, 0, 1, "1.24751+-0.0101816*log(x+19)*log(x+18)*(3-0.370828*log(x+18))-0.099772818386554718"
2, mujets, down, 1, -2.5, 2.5, 140, 200, 0, 1, "1.24751+-0.0101816*log(x+19)*log(x+18)*(3-0.370828*log(x+18))-0.25559696555137634"
2, mujets, down, 1, -2.5, 2.5, 200, 300, 0, 1, "1.24751+-0.0101816*log(x+19)*log(x+18)*(3-0.370828*log(x+18))-0.30520960688591003"
2, mujets, down, 1, -2.5, 2.5, 300, 600, 0, 1, "1.24751+-0.0101816*log(x+19)*log(x+18)*(3-0.370828*log(x+18))-0.20123264193534851"
2, mujets, down, 1, -2.5, 2.5, 600, 1000, 0, 1, "1.24751+-0.0101816*log(x+19)*log(x+18)*(3-0.370828*log(x+18))-0.40635189414024353"
2, mujets, down, 0, -2.5, 2.5, 20, 30, 0, 1, "1.24751+-0.0101816*log(x+19)*log(x+18)*(3-0.370828*log(x+18))-0.063961170613765717"
2, mujets, down, 0, -2.5, 2.5, 30, 50, 0, 1, "1.24751+-0.0101816*log(x+19)*log(x+18)*(3-0.370828*log(x+18))-0.024468788877129555"
2, mujets, down, 0, -2.5, 2.5, 50, 70, 0, 1, "1.24751+-0.0101816*log(x+19)*log(x+18)*(3-0.370828*log(x+18))-0.021137407049536705"
2, mujets, down, 0, -2.5, 2.5, 70, 100, 0, 1, "1.24751+-0.0101816*log(x+19)*log(x+18)*(3-0.370828*log(x+18))-0.022110622376203537"
2, mujets, down, 0, -2.5, 2.5, 100, 140, 0, 1, "1.24751+-0.0101816*log(x+19)*log(x+18)*(3-0.370828*log(x+18))-0.02850651927292347"
2, mujets, down, 0, -2.5, 2.5, 140, 200, 0, 1, "1.24751+-0.0101816*log(x+19)*log(x+18)*(3-0.370828*log(x+18))-0.073027707636356354"
2, mujets, down, 0, -2.5, 2.5, 200, 300, 0, 1, "1.24751+-0.0101816*log(x+19)*log(x+18)*(3-0.370828*log(x+18))-0.087202742695808411"
2, mujets, down, 0, -2.5, 2.5, 300, 600, 0, 1, "1.24751+-0.0101816*log(x+19)*log(x+18)*(3-0.370828*log(x+18))-0.057495042681694031"
2, mujets, down, 0, -2.5, 2.5, 600, 1000, 0, 1, "1.24751+-0.0101816*log(x+19)*log(x+18)*(3-0.370828*log(x+18))-0.11610054224729538"
2, mujets, up, 1, -2.5, 2.5, 20, 30, 0, 1, "1.24751+-0.0101816*log(x+19)*log(x+18)*(3-0.370828*log(x+18))+0.22386409342288971"
2, mujets, up, 1, -2.5, 2.5, 30, 50, 0, 1, "1.24751+-0.0101816*log(x+19)*log(x+18)*(3-0.370828*log(x+18))+0.085640758275985718"
2, mujets, up, 1, -2.5, 2.5, 50, 70, 0, 1, "1.24751+-0.0101816*log(x+19)*log(x+18)*(3-0.370828*log(x+18))+0.073980927467346191"
2, mujets, up, 1, -2.5, 2.5, 70, 100, 0, 1, "1.24751+-0.0101816*log(x+19)*log(x+18)*(3-0.370828*log(x+18))+0.07738717645406723"
2, mujets, up, 1, -2.5, 2.5, 100, 140, 0, 1, "1.24751+-0.0101816*log(x+19)*log(x+18)*(3-0.370828*log(x+18))+0.099772818386554718"
2, mujets, up, 1, -2.5, 2.5, 140, 200, 0, 1, "1.24751+-0.0101816*log(x+19)*log(x+18)*(3-0.370828*log(x+18))+0.25559696555137634"
2, mujets, up, 1, -2.5, 2.5, 200, 300, 0, 1, "1.24751+-0.0101816*log(x+19)*log(x+18)*(3-0.370828*log(x+18))+0.30520960688591003"
2, mujets, up, 1, -2.5, 2.5, 300, 600, 0, 1, "1.24751+-0.0101816*log(x+19)*log(x+18)*(3-0.370828*log(x+18))+0.20123264193534851"
2, mujets, up, 1, -2.5, 2.5, 600, 1000, 0, 1, "1.24751+-0.0101816*log(x+19)*log(x+18)*(3-0.370828*log(x+18))+0.40635189414024353"
2, mujets, up, 0, -2.5, 2.5, 20, 30, 0, 1, "1.24751+-0.0101816*log(x+19)*log(x+18)*(3-0.370828*log(x+18))+0.063961170613765717"
2, mujets, up, 0, -2.5, 2.5, 30, 50, 0, 1, "1.24751+-0.0101816*log(x+19)*log(x+18)*(3-0.370828*log(x+18))+0.024468788877129555"
2, mujets, up, 0, -2.5, 2.5, 50, 70, 0, 1, "1.24751+-0.0101816*log(x+19)*log(x+18)*(3-0.370828*log(x+18))+0.021137407049536705"
2, mujets, up, 0, -2.5, 2.5, 70, 100, 0, 1, "1.24751+-0.0101816*log(x+19)*log(x+18)*(3-0.370828*log(x+18))+0.022110622376203537"
2, mujets, up, 0, -2.5, 2.5, 100, 140, 0, 1, "1.24751+-0.0101816*log(x+19)*log(x+18)*(3-0.370828*log(x+18))+0.02850651927292347"
2, mujets, up, 0, -2.5, 2.5, 140, 200, 0, 1, "1.24751+-0.0101816*log(x+19)*log(x+18)*(3-0.370828*log(x+18))+0.073027707636356354"
2, mujets, up, 0, -2.5, 2.5, 200, 300, 0, 1, "1.24751+-0.0101816*log(x+19)*log(x+18)*(3-0.370828*log(x+18))+0.087202742695808411"
2, mujets, up, 0, -2.5, 2.5, 300, 600, 0, 1, "1.24751+-0.0101816*log(x+19)*log(x+18)*(3-0.370828*log(x+18))+0.057495042681694031"
2, mujets, up, 0, -2.5, 2.5, 600, 1000, 0, 1, "1.24751+-0.0101816*log(x+19)*log(x+18)*(3-0.370828*log(x+18))+0.11610054224729538"
2, comb, central, 1, -2.5, 2.5, 20, 1000, 0, 1, "0.835515+0.00536943*log(x+19)*log(x+18)*(3-0.399734*log(x+18))"
2, comb, central, 0, -2.5, 2.5, 20, 1000, 0, 1, "0.835515+0.00536943*log(x+19)*log(x+18)*(3-0.399734*log(x+18))"
2, comb, down, 1, -2.5, 2.5, 20, 30, 0, 1, "0.835515+0.00536943*log(x+19)*log(x+18)*(3-0.399734*log(x+18))-0.20433454215526581"
2, comb, down, 1, -2.5, 2.5, 30, 50, 0, 1, "0.835515+0.00536943*log(x+19)*log(x+18)*(3-0.399734*log(x+18))-0.056436017155647278"
2, comb, down, 1, -2.5, 2.5, 50, 70, 0, 1, "0.835515+0.00536943*log(x+19)*log(x+18)*(3-0.399734*log(x+18))-0.045686949044466019"
2, comb, down, 1, -2.5, 2.5, 70, 100, 0, 1, "0.835515+0.00536943*log(x+19)*log(x+18)*(3-0.399734*log(x+18))-0.040380466729402542"
2, comb, down, 1, -2.5, 2.5, 100, 140, 0, 1, "0.835515+0.00536943*log(x+19)*log(x+18)*(3-0.399734*log(x+18))-0.046115990728139877"
2, comb, down, 1, -2.5, 2.5, 140, 200, 0, 1, "0.835515+0.00536943*log(x+19)*log(x+18)*(3-0.399734*log(x+18))-0.055282805114984512"
2, comb, down, 1, -2.5, 2.5, 200, 300, 0, 1, "0.835515+0.00536943*log(x+19)*log(x+18)*(3-0.399734*log(x+18))-0.12217113375663757"
2, comb, down, 1, -2.5, 2.5, 300, 600, 0, 1, "0.835515+0.00536943*log(x+19)*log(x+18)*(3-0.399734*log(x+18))-0.19009542465209961"
2, comb, down, 1, -2.5, 2.5, 600, 1000, 0, 1, "0.835515+0.00536943*log(x+19)*log(x+18)*(3-0.399734*log(x+18))-0.36742511391639709"
2, comb, down, 0, -2.5, 2.5, 20, 30, 0, 1, "0.835515+0.00536943*log(x+19)*log(x+18)*(3-0.399734*log(x+18))-0.058381296694278717"
2, comb, down, 0, -2.5, 2.5, 30, 50, 0, 1, "0.835515+0.00536943*log(x+19)*log(x+18)*(3-0.399734*log(x+18))-0.016124576330184937"
2, comb, down, 0, -2.5, 2.5, 50, 70, 0, 1, "0.835515+0.00536943*log(x+19)*log(x+18)*(3-0.399734*log(x+18))-0.013053414411842823"
2, comb, down, 0, -2.5, 2.5, 70, 100, 0, 1, "0.835515+0.00536943*log(x+19)*log(x+18)*(3-0.399734*log(x+18))-0.011537276208400726"
2, comb, down, 0, -2.5, 2.5, 100, 140, 0, 1, "0.835515+0.00536943*log(x+19)*log(x+18)*(3-0.399734*log(x+18))-0.013175996951758862"
2, comb, down, 0, -2.5, 2.5, 140, 200, 0, 1, "0.835515+0.00536943*log(x+19)*log(x+18)*(3-0.399734*log(x+18))-0.015795087441802025"
2, comb, down, 0, -2.5, 2.5, 200, 300, 0, 1, "0.835515+0.00536943*log(x+19)*log(x+18)*(3-0.399734*log(x+18))-0.034906037151813507"
2, comb, down, 0, -2.5, 2.5, 300, 600, 0, 1, "0.835515+0.00536943*log(x+19)*log(x+18)*(3-0.399734*log(x+18))-0.054312977939844131"
2, comb, down, 0, -2.5, 2.5, 600, 1000, 0, 1, "0.835515+0.00536943*log(x+19)*log(x+18)*(3-0.399734*log(x+18))-0.10497860610485077"
2, comb, up, 1, -2.5, 2.5, 20, 30, 0, 1, "0.835515+0.00536943*log(x+19)*log(x+18)*(3-0.399734*log(x+18))+0.20433454215526581"
2, comb, up, 1, -2.5, 2.5, 30, 50, 0, 1, "0.835515+0.00536943*log(x+19)*log(x+18)*(3-0.399734*log(x+18))+0.056436017155647278"
2, comb, up, 1, -2.5, 2.5, 50, 70, 0, 1, "0.835515+0.00536943*log(x+19)*log(x+18)*(3-0.399734*log(x+18))+0.045686949044466019"
2, comb, up, 1, -2.5, 2.5, 70, 100, 0, 1, "0.835515+0.00536943*log(x+19)*log(x+18)*(3-0.399734*log(x+18))+0.040380466729402542"
2, comb, up, 1, -2.5, 2.5, 100, 140, 0, 1, "0.835515+0.00536943*log(x+19)*log(x+18)*(3-0.399734*log(x+18))+0.046115990728139877"
2, comb, up, 1, -2.5, 2.5, 140, 200, 0, 1, "0.835515+0.00536943*log(x+19)*log(x+18)*(3-0.399734*log(x+18))+0.055282805114984512"
2, comb, up, 1, -2.5, 2.5, 200, 300, 0, 1, "0.835515+0.00536943*log(x+19)*log(x+18)*(3-0.399734*log(x+18))+0.12217113375663757"
2, comb, up, 1, -2.5, 2.5, 300, 600, 0, 1, "0.835515+0.00536943*log(x+19)*log(x+18)*(3-0.399734*log(x+18))+0.19009542465209961"
2, comb, up, 1, -2.5, 2.5, 600, 1000, 0, 1, "0.835515+0.00536943*log(x+19)*log(x+18)*(3-0.399734*log(x+18))+0.36742511391639709"
2, comb, up, 0, -2.5, 2.5, 20, 30, 0, 1, "0.835515+0.00536943*log(x+19)*log(x+18)*(3-0.399734*log(x+18))+0.058381296694278717"
2, comb, up, 0, -2.5, 2.5, 30, 50, 0, 1, "0.835515+0.00536943*log(x+19)*log(x+18)*(3-0.399734*log(x+18))+0.016124576330184937"
2, comb, up, 0, -2.5, 2.5, 50, 70, 0, 1, "0.835515+0.00536943*log(x+19)*log(x+18)*(3-0.399734*log(x+18))+0.013053414411842823"
2, comb, up, 0, -2.5, 2.5, 70, 100, 0, 1, "0.835515+0.00536943*log(x+19)*log(x+18)*(3-0.399734*log(x+18))+0.011537276208400726"
2, comb, up, 0, -2.5, 2.5, 100, 140, 0, 1, "0.835515+0.00536943*log(x+19)*log(x+18)*(3-0.399734*log(x+18))+0.013175996951758862"
2, comb, up, 0, -2.5, 2.5, 140, 200, 0, 1, "0.835515+0.00536943*log(x+19)*log(x+18)*(3-0.399734*log(x+18))+0.015795087441802025"
2, comb, up, 0, -2.5, 2.5, 200, 300, 0, 1, "0.835515+0.00536943*log(x+19)*log(x+18)*(3-0.399734*log(x+18))+0.034906037151813507"
2, comb, up, 0, -2.5, 2.5, 300, 600, 0, 1, "0.835515+0.00536943*log(x+19)*log(x+18)*(3-0.399734*log(x+18))+0.054312977939844131"
2, comb, up, 0, -2.5, 2.5, 600, 1000, 0, 1, "0.835515+0.00536943*log(x+19)*log(x+18)*(3-0.399734*log(x+18))+0.10497860610485077"
