#Data tag : 19v2 , Norm tag: None
#run:fill,ls,time,beamstatus,E(GeV),delivered(/ub),recorded(/ub),avgpu,source
317626:6770,400:400,06/08/18 23:05:22,STABLE BEAMS,6500,370680.225,362194.237,44.5,HFOC
317626:6770,401:401,06/08/18 23:05:46,STABLE BEAMS,6500,370486.560,362070.799,44.5,HFOC
317626:6770,402:402,06/08/18 23:06:09,STABLE BEAMS,6500,370160.176,361749.784,44.4,HFOC
317626:6770,403:403,06/08/18 23:06:32,STABLE BEAMS,6500,369935.469,361487.188,44.4,HFOC
317626:6770,404:404,06/08/18 23:06:55,STABLE BEAMS,6500,369525.180,361124.140,44.3,HFOC
317626:6770,405:405,06/08/18 23:07:19,STABLE BEAMS,6500,370649.274,362182.809,44.5,HFOC
317626:6770,406:406,06/08/18 23:07:42,STABLE BEAMS,6500,370184.688,361771.750,44.4,HFOC
317626:6770,407:407,06/08/18 23:08:05,STABLE BEAMS,6500,369818.246,361359.674,44.4,HFOC
317626:6770,408:408,06/08/18 23:08:29,STABLE BEAMS,6500,369506.008,360573.306,44.3,HFOC
317626:6770,409:409,06/08/18 23:08:52,STABLE BEAMS,6500,369147.268,360734.533,44.3,HFOC
317626:6770,410:410,06/08/18 23:09:15,STABLE BEAMS,6500,369053.261,360540.038,44.3,HFOC
317626:6770,411:411,06/08/18 23:09:39,STABLE BEAMS,6500,368831.899,360485.955,44.3,HFOC
317626:6770,412:412,06/08/18 23:10:02,STABLE BEAMS,6500,368685.673,360363.650,44.2,HFOC
317626:6770,413:413,06/08/18 23:10:25,STABLE BEAMS,6500,368320.724,359459.227,44.2,HFOC
317626:6770,414:414,06/08/18 23:10:49,STABLE BEAMS,6500,368274.493,359939.384,44.2,HFOC
317626:6770,415:415,06/08/18 23:11:12,STABLE BEAMS,6500,368047.541,359730.626,44.2,HFOC
317626:6770,416:416,06/08/18 23:11:35,STABLE BEAMS,6500,367853.289,359565.866,44.1,HFOC
317626:6770,417:417,06/08/18 23:11:59,STABLE BEAMS,6500,367653.347,359350.600,44.1,HFOC
317626:6770,418:418,06/08/18 23:12:22,STABLE BEAMS,6500,366752.229,358475.661,44.0,HFOC
317626:6770,419:419,06/08/18 23:12:45,STABLE BEAMS,6500,367698.255,359370.238,44.1,HFOC
317626:6770,420:420,06/08/18 23:13:08,STABLE BEAMS,6500,367349.637,358996.466,44.1,HFOC
317626:6770,421:421,06/08/18 23:13:32,STABLE BEAMS,6500,366578.187,358358.101,44.0,HFOC
317626:6770,422:422,06/08/18 23:13:55,STABLE BEAMS,6500,366480.363,358248.680,44.0,HFOC
317626:6770,423:423,06/08/18 23:14:18,STABLE BEAMS,6500,366369.273,353024.356,44.0,HFOC
317626:6770,424:424,06/08/18 23:14:42,STABLE BEAMS,6500,365964.505,352211.442,43.9,HFOC
317626:6770,425:425,06/08/18 23:15:05,STABLE BEAMS,6500,365672.375,357517.968,43.9,HFOC
317626:6770,426:426,06/08/18 23:15:28,STABLE BEAMS,6500,365350.174,357091.262,43.8,HFOC
317626:6770,427:427,06/08/18 23:15:52,STABLE BEAMS,6500,365056.621,279467.677,43.8,HFOC
317626:6770,428:428,06/08/18 23:16:15,STABLE BEAMS,6500,364996.044,52501.036,43.8,HFOC
317626:6770,429:429,06/08/18 23:16:38,STABLE BEAMS,6500,364778.374,356666.050,43.8,HFOC
317626:6770,430:430,06/08/18 23:17:02,STABLE BEAMS,6500,364397.077,356320.705,43.7,HFOC
317626:6770,431:431,06/08/18 23:17:25,STABLE BEAMS,6500,364140.684,356046.999,43.7,HFOC
317626:6770,432:432,06/08/18 23:17:48,STABLE BEAMS,6500,363820.514,355726.118,43.7,HFOC
317626:6770,433:433,06/08/18 23:18:11,STABLE BEAMS,6500,363647.553,355573.921,43.6,HFOC
317626:6770,434:434,06/08/18 23:18:35,STABLE BEAMS,6500,363394.134,355307.119,43.6,HFOC
317626:6770,435:435,06/08/18 23:18:58,STABLE BEAMS,6500,363127.285,354902.907,43.6,HFOC
317626:6770,436:436,06/08/18 23:19:21,STABLE BEAMS,6500,362906.574,354864.554,43.6,HFOC
317626:6770,437:437,06/08/18 23:19:45,STABLE BEAMS,6500,362706.371,354675.710,43.5,HFOC
317626:6770,438:438,06/08/18 23:20:08,STABLE BEAMS,6500,361757.315,353720.530,43.4,HFOC
317626:6770,439:439,06/08/18 23:20:31,STABLE BEAMS,6500,362277.814,349195.324,43.5,HFOC
317626:6770,440:440,06/08/18 23:20:55,STABLE BEAMS,6500,362009.946,353977.841,43.4,HFOC
317626:6770,441:441,06/08/18 23:21:18,STABLE BEAMS,6500,361813.743,353807.229,43.4,HFOC
317626:6770,442:442,06/08/18 23:21:41,STABLE BEAMS,6500,361300.802,353298.226,43.4,HFOC
317626:6770,443:443,06/08/18 23:22:05,STABLE BEAMS,6500,361633.993,353632.806,43.4,HFOC
317626:6770,444:444,06/08/18 23:22:28,STABLE BEAMS,6500,362106.606,354114.799,43.5,HFOC
317626:6770,445:445,06/08/18 23:22:51,STABLE BEAMS,6500,361857.504,353863.888,43.4,HFOC
317626:6770,446:446,06/08/18 23:23:15,STABLE BEAMS,6500,361573.431,353556.998,43.4,HFOC
317626:6770,447:447,06/08/18 23:23:38,STABLE BEAMS,6500,361387.798,353347.891,43.4,HFOC
317626:6770,448:448,06/08/18 23:24:01,STABLE BEAMS,6500,361253.018,353274.046,43.4,HFOC
317626:6770,449:449,06/08/18 23:24:25,STABLE BEAMS,6500,361058.239,347986.910,43.3,HFOC
317626:6770,450:450,06/08/18 23:24:48,STABLE BEAMS,6500,360858.942,352882.922,43.3,HFOC
317626:6770,451:451,06/08/18 23:25:11,STABLE BEAMS,6500,360690.513,352718.729,43.3,HFOC
317626:6770,452:452,06/08/18 23:25:34,STABLE BEAMS,6500,360555.722,352599.818,43.3,HFOC
317626:6770,453:453,06/08/18 23:25:58,STABLE BEAMS,6500,360294.023,347296.285,43.2,HFOC
317626:6770,454:454,06/08/18 23:26:21,STABLE BEAMS,6500,360133.246,352216.088,43.2,HFOC
317626:6770,455:455,06/08/18 23:26:44,STABLE BEAMS,6500,359779.592,346821.756,43.2,HFOC
317626:6770,456:456,06/08/18 23:27:08,STABLE BEAMS,6500,359641.184,346267.488,43.2,HFOC
317626:6770,457:457,06/08/18 23:27:31,STABLE BEAMS,6500,358623.826,350761.658,43.0,HFOC
317626:6770,458:458,06/08/18 23:27:54,STABLE BEAMS,6500,359409.235,351495.060,43.1,HFOC
317626:6770,459:459,06/08/18 23:28:18,STABLE BEAMS,6500,359784.296,351847.960,43.2,HFOC
317626:6770,460:460,06/08/18 23:28:41,STABLE BEAMS,6500,358503.382,350630.665,43.0,HFOC
317626:6770,461:461,06/08/18 23:29:04,STABLE BEAMS,6500,358377.397,350551.274,43.0,HFOC
317626:6770,462:462,06/08/18 23:29:28,STABLE BEAMS,6500,358288.209,350305.897,43.0,HFOC
317626:6770,463:463,06/08/18 23:29:51,STABLE BEAMS,6500,357932.662,350098.684,43.0,HFOC
317626:6770,464:464,06/08/18 23:30:14,STABLE BEAMS,6500,357700.896,349887.819,42.9,HFOC
317626:6770,465:465,06/08/18 23:30:37,STABLE BEAMS,6500,357436.079,349637.161,42.9,HFOC
317626:6770,466:466,06/08/18 23:31:01,STABLE BEAMS,6500,357096.358,344287.322,42.9,HFOC
317626:6770,467:467,06/08/18 23:31:24,STABLE BEAMS,6500,356703.390,338120.806,42.8,HFOC
317626:6770,468:468,06/08/18 23:31:47,STABLE BEAMS,6500,356397.640,348632.515,42.8,HFOC
317626:6770,469:469,06/08/18 23:32:11,STABLE BEAMS,6500,356099.506,348354.837,42.7,HFOC
317626:6770,470:470,06/08/18 23:32:34,STABLE BEAMS,6500,355924.195,343198.227,42.7,HFOC
317626:6770,471:471,06/08/18 23:32:57,STABLE BEAMS,6500,355791.154,347539.303,42.7,HFOC
317626:6770,472:472,06/08/18 23:33:21,STABLE BEAMS,6500,355605.516,347883.185,42.7,HFOC
317626:6770,473:473,06/08/18 23:33:44,STABLE BEAMS,6500,355415.662,342768.497,42.7,HFOC
317626:6770,474:474,06/08/18 23:34:07,STABLE BEAMS,6500,355261.475,347572.246,42.6,HFOC
317626:6770,475:475,06/08/18 23:34:31,STABLE BEAMS,6500,355131.726,347454.431,42.6,HFOC
317626:6770,476:476,06/08/18 23:34:54,STABLE BEAMS,6500,354947.934,342262.566,42.6,HFOC
317626:6770,477:477,06/08/18 23:35:17,STABLE BEAMS,6500,354680.910,347001.730,42.6,HFOC
317626:6770,478:478,06/08/18 23:35:41,STABLE BEAMS,6500,354435.360,346777.364,42.5,HFOC
317626:6770,479:479,06/08/18 23:36:04,STABLE BEAMS,6500,354207.641,346551.829,42.5,HFOC
317626:6770,480:480,06/08/18 23:36:27,STABLE BEAMS,6500,354002.120,346330.705,42.5,HFOC
317626:6770,481:481,06/08/18 23:36:50,STABLE BEAMS,6500,353797.885,346178.832,42.5,HFOC
317626:6770,482:482,06/08/18 23:37:14,STABLE BEAMS,6500,353555.764,345944.728,42.4,HFOC
317626:6770,483:483,06/08/18 23:37:37,STABLE BEAMS,6500,353362.602,345746.272,42.4,HFOC
317626:6770,484:484,06/08/18 23:38:00,STABLE BEAMS,6500,353122.785,345501.545,42.4,HFOC
317626:6770,485:485,06/08/18 23:38:24,STABLE BEAMS,6500,352856.429,345259.464,42.3,HFOC
317626:6770,486:486,06/08/18 23:38:47,STABLE BEAMS,6500,353449.486,340885.508,42.4,HFOC
317626:6770,487:487,06/08/18 23:39:10,STABLE BEAMS,6500,352997.485,345346.171,42.4,HFOC
317626:6770,488:488,06/08/18 23:39:34,STABLE BEAMS,6500,353303.161,345670.148,42.4,HFOC
317626:6770,489:489,06/08/18 23:39:57,STABLE BEAMS,6500,353040.492,344932.279,42.4,HFOC
317626:6770,490:490,06/08/18 23:40:20,STABLE BEAMS,6500,352676.766,345088.738,42.3,HFOC
317626:6770,491:491,06/08/18 23:40:44,STABLE BEAMS,6500,352308.811,344725.100,42.3,HFOC
317626:6770,492:492,06/08/18 23:41:07,STABLE BEAMS,6500,352234.444,334378.467,42.3,HFOC
317626:6770,493:493,06/08/18 23:41:30,STABLE BEAMS,6500,352092.086,344519.516,42.3,HFOC
317626:6770,494:494,06/08/18 23:41:54,STABLE BEAMS,6500,351889.098,344319.018,42.2,HFOC
317626:6770,495:495,06/08/18 23:42:17,STABLE BEAMS,6500,352031.193,344456.098,42.2,HFOC
317626:6770,496:496,06/08/18 23:42:40,STABLE BEAMS,6500,351047.296,343507.313,42.1,HFOC
317626:6770,497:497,06/08/18 23:43:03,STABLE BEAMS,6500,350855.371,343323.097,42.1,HFOC
317626:6770,498:498,06/08/18 23:43:27,STABLE BEAMS,6500,350631.662,343109.164,42.1,HFOC
317626:6770,499:499,06/08/18 23:43:50,STABLE BEAMS,6500,350255.043,342747.271,42.0,HFOC
317626:6770,500:500,06/08/18 23:44:13,STABLE BEAMS,6500,349414.569,341957.728,41.9,HFOC
317626:6770,501:501,06/08/18 23:44:37,STABLE BEAMS,6500,350227.096,342752.528,42.0,HFOC
317626:6770,502:502,06/08/18 23:45:00,STABLE BEAMS,6500,349939.428,342462.230,42.0,HFOC
317626:6770,503:503,06/08/18 23:45:23,STABLE BEAMS,6500,349452.960,337097.468,41.9,HFOC
317626:6770,504:504,06/08/18 23:45:47,STABLE BEAMS,6500,348806.397,341379.325,41.9,HFOC
317626:6770,505:505,06/08/18 23:46:10,STABLE BEAMS,6500,348868.223,340945.985,41.9,HFOC
317626:6770,506:506,06/08/18 23:46:33,STABLE BEAMS,6500,348716.811,330993.963,41.8,HFOC
317626:6770,507:507,06/08/18 23:46:56,STABLE BEAMS,6500,348144.520,340752.130,41.8,HFOC
317626:6770,508:508,06/08/18 23:47:20,STABLE BEAMS,6500,348480.250,341079.415,41.8,HFOC
317626:6770,509:509,06/08/18 23:47:43,STABLE BEAMS,6500,348217.060,340770.954,41.8,HFOC
317626:6770,510:510,06/08/18 23:48:06,STABLE BEAMS,6500,347854.165,340488.446,41.7,HFOC
317626:6770,511:511,06/08/18 23:48:30,STABLE BEAMS,6500,347704.331,340326.382,41.7,HFOC
317626:6770,512:512,06/08/18 23:48:53,STABLE BEAMS,6500,347803.841,335106.894,41.7,HFOC
317626:6770,513:513,06/08/18 23:49:16,STABLE BEAMS,6500,348016.264,340631.102,41.8,HFOC
317626:6770,514:514,06/08/18 23:49:40,STABLE BEAMS,6500,347335.185,339952.702,41.7,HFOC
317626:6770,515:515,06/08/18 23:50:03,STABLE BEAMS,6500,347188.571,330104.658,41.7,HFOC
317626:6770,516:516,06/08/18 23:50:26,STABLE BEAMS,6500,347096.234,339730.348,41.7,HFOC
317626:6770,517:517,06/08/18 23:50:50,STABLE BEAMS,6500,346830.914,339471.571,41.6,HFOC
317626:6770,518:518,06/08/18 23:51:13,STABLE BEAMS,6500,345784.830,338443.994,41.5,HFOC
317626:6770,519:519,06/08/18 23:51:36,STABLE BEAMS,6500,346300.442,338995.740,41.6,HFOC
317626:6770,520:520,06/08/18 23:52:00,STABLE BEAMS,6500,346068.453,338762.494,41.5,HFOC
317626:6770,521:521,06/08/18 23:52:23,STABLE BEAMS,6500,346098.957,338775.481,41.5,HFOC
317626:6770,522:522,06/08/18 23:52:46,STABLE BEAMS,6500,345240.619,337940.682,41.4,HFOC
317626:6770,523:523,06/08/18 23:53:09,STABLE BEAMS,6500,345366.104,338074.753,41.4,HFOC
317626:6770,524:524,06/08/18 23:53:33,STABLE BEAMS,6500,345055.181,337747.772,41.4,HFOC
317626:6770,525:525,06/08/18 23:53:56,STABLE BEAMS,6500,344864.724,337588.591,41.4,HFOC
317626:6770,526:526,06/08/18 23:54:19,STABLE BEAMS,6500,344582.470,337277.471,41.4,HFOC
317626:6770,527:527,06/08/18 23:54:43,STABLE BEAMS,6500,344009.499,331960.625,41.3,HFOC
317626:6770,528:528,06/08/18 23:55:06,STABLE BEAMS,6500,343668.245,336467.594,41.2,HFOC
317626:6770,529:529,06/08/18 23:55:29,STABLE BEAMS,6500,344119.954,336406.968,41.3,HFOC
317626:6770,530:530,06/08/18 23:55:53,STABLE BEAMS,6500,343693.285,336455.774,41.2,HFOC
317626:6770,531:531,06/08/18 23:56:16,STABLE BEAMS,6500,343531.450,335792.906,41.2,HFOC
317626:6770,532:532,06/08/18 23:56:39,STABLE BEAMS,6500,343526.055,336315.458,41.2,HFOC
317626:6770,533:533,06/08/18 23:57:03,STABLE BEAMS,6500,344153.999,336912.572,41.3,HFOC
317626:6770,534:534,06/08/18 23:57:26,STABLE BEAMS,6500,344754.088,337476.198,41.4,HFOC
317626:6770,535:535,06/08/18 23:57:49,STABLE BEAMS,6500,344061.972,336810.480,41.3,HFOC
317626:6770,536:536,06/08/18 23:58:13,STABLE BEAMS,6500,344068.051,336813.794,41.3,HFOC
317626:6770,537:537,06/08/18 23:58:36,STABLE BEAMS,6500,343754.918,336530.325,41.3,HFOC
317626:6770,538:538,06/08/18 23:58:59,STABLE BEAMS,6500,343296.730,336089.925,41.2,HFOC
317626:6770,539:539,06/08/18 23:59:23,STABLE BEAMS,6500,343363.913,336135.733,41.2,HFOC
317626:6770,540:540,06/08/18 23:59:46,STABLE BEAMS,6500,342273.608,335106.743,41.1,HFOC
317626:6770,541:541,06/09/18 00:00:09,STABLE BEAMS,6500,343255.690,336036.503,41.2,HFOC
317626:6770,542:542,06/09/18 00:00:32,STABLE BEAMS,6500,343125.046,325877.385,41.2,HFOC
317626:6770,543:543,06/09/18 00:00:56,STABLE BEAMS,6500,342323.773,329779.515,41.1,HFOC
317626:6770,544:544,06/09/18 00:01:19,STABLE BEAMS,6500,342320.010,335145.644,41.1,HFOC
317626:6770,545:545,06/09/18 00:01:42,STABLE BEAMS,6500,341907.812,329533.537,41.0,HFOC
317626:6770,546:546,06/09/18 00:02:06,STABLE BEAMS,6500,341751.837,334616.775,41.0,HFOC
317626:6770,547:547,06/09/18 00:02:29,STABLE BEAMS,6500,342140.859,334982.384,41.1,HFOC
317626:6770,548:548,06/09/18 00:02:52,STABLE BEAMS,6500,341754.421,334593.446,41.0,HFOC
317626:6770,549:549,06/09/18 00:03:16,STABLE BEAMS,6500,341551.200,334414.155,41.0,HFOC
317626:6770,550:550,06/09/18 00:03:39,STABLE BEAMS,6500,341522.961,334395.600,41.0,HFOC
317626:6770,551:551,06/09/18 00:04:02,STABLE BEAMS,6500,341085.032,333851.276,40.9,HFOC
317626:6770,552:552,06/09/18 00:04:26,STABLE BEAMS,6500,340856.215,328961.366,40.9,HFOC
317626:6770,553:553,06/09/18 00:04:49,STABLE BEAMS,6500,340737.396,333024.966,40.9,HFOC
317626:6770,554:554,06/09/18 00:05:12,STABLE BEAMS,6500,340608.577,333484.548,40.9,HFOC
317626:6770,555:555,06/09/18 00:05:35,STABLE BEAMS,6500,339787.998,332697.256,40.8,HFOC
317626:6770,556:556,06/09/18 00:05:59,STABLE BEAMS,6500,340679.620,333549.537,40.9,HFOC
317626:6770,557:557,06/09/18 00:06:22,STABLE BEAMS,6500,340463.831,333360.268,40.9,HFOC
317626:6770,558:558,06/09/18 00:06:45,STABLE BEAMS,6500,339881.132,332814.589,40.8,HFOC
317626:6770,559:559,06/09/18 00:07:09,STABLE BEAMS,6500,338712.772,331683.205,40.6,HFOC
317626:6770,560:560,06/09/18 00:07:32,STABLE BEAMS,6500,339292.352,332218.130,40.7,HFOC
317626:6770,561:561,06/09/18 00:07:55,STABLE BEAMS,6500,339251.940,332203.532,40.7,HFOC
317626:6770,562:562,06/09/18 00:08:19,STABLE BEAMS,6500,338756.684,331261.651,40.7,HFOC
317626:6770,563:563,06/09/18 00:08:42,STABLE BEAMS,6500,338110.342,330095.495,40.6,HFOC
317626:6770,564:564,06/09/18 00:09:05,STABLE BEAMS,6500,338000.839,329539.038,40.6,HFOC
317626:6770,565:565,06/09/18 00:09:29,STABLE BEAMS,6500,337788.256,329731.792,40.5,HFOC
317626:6770,566:566,06/09/18 00:09:52,STABLE BEAMS,6500,336704.578,328755.645,40.4,HFOC
317626:6770,567:567,06/09/18 00:10:15,STABLE BEAMS,6500,337602.246,319777.825,40.5,HFOC
317626:6770,568:568,06/09/18 00:10:39,STABLE BEAMS,6500,337233.296,329271.269,40.5,HFOC
317626:6770,569:569,06/09/18 00:11:02,STABLE BEAMS,6500,337250.217,324575.419,40.5,HFOC
317626:6770,570:570,06/09/18 00:11:25,STABLE BEAMS,6500,336460.895,328524.690,40.4,HFOC
317626:6770,571:571,06/09/18 00:11:48,STABLE BEAMS,6500,336464.774,328555.980,40.4,HFOC
317626:6770,572:572,06/09/18 00:12:12,STABLE BEAMS,6500,336032.038,328169.706,40.3,HFOC
317626:6770,573:573,06/09/18 00:12:35,STABLE BEAMS,6500,336435.226,328507.738,40.4,HFOC
317626:6770,574:574,06/09/18 00:12:58,STABLE BEAMS,6500,336312.127,328368.047,40.4,HFOC
317626:6770,575:575,06/09/18 00:13:22,STABLE BEAMS,6500,336050.901,328126.353,40.3,HFOC
317626:6770,576:576,06/09/18 00:13:45,STABLE BEAMS,6500,335844.091,327946.747,40.3,HFOC
317626:6770,577:577,06/09/18 00:14:08,STABLE BEAMS,6500,335655.798,327768.385,40.3,HFOC
317626:6770,578:578,06/09/18 00:14:32,STABLE BEAMS,6500,335675.498,323088.580,40.3,HFOC
317626:6770,579:579,06/09/18 00:14:55,STABLE BEAMS,6500,336987.041,329050.114,40.4,HFOC
317626:6770,580:580,06/09/18 00:15:18,STABLE BEAMS,6500,336003.554,328061.936,40.3,HFOC
317626:6770,581:581,06/09/18 00:15:42,STABLE BEAMS,6500,335858.543,327974.155,40.3,HFOC
317626:6770,582:582,06/09/18 00:16:05,STABLE BEAMS,6500,335700.409,327801.968,40.3,HFOC
317626:6770,583:583,06/09/18 00:16:28,STABLE BEAMS,6500,335584.259,327707.007,40.3,HFOC
317626:6770,584:584,06/09/18 00:16:51,STABLE BEAMS,6500,335095.533,327214.894,40.2,HFOC
317626:6770,585:585,06/09/18 00:17:15,STABLE BEAMS,6500,334925.975,327044.128,40.2,HFOC
317626:6770,586:586,06/09/18 00:17:38,STABLE BEAMS,6500,335308.674,326892.319,40.2,HFOC
317626:6770,587:587,06/09/18 00:18:01,STABLE BEAMS,6500,335198.643,327327.926,40.2,HFOC
317626:6770,588:588,06/09/18 00:18:25,STABLE BEAMS,6500,334430.862,326578.629,40.1,HFOC
317626:6770,589:589,06/09/18 00:18:48,STABLE BEAMS,6500,334312.148,326520.328,40.1,HFOC
317626:6770,590:590,06/09/18 00:19:11,STABLE BEAMS,6500,334166.577,326334.148,40.1,HFOC
317626:6770,591:591,06/09/18 00:19:35,STABLE BEAMS,6500,333810.115,326022.090,40.1,HFOC
317626:6770,592:592,06/09/18 00:19:58,STABLE BEAMS,6500,333714.711,325890.273,40.0,HFOC
317626:6770,593:593,06/09/18 00:20:21,STABLE BEAMS,6500,334065.699,326240.553,40.1,HFOC
317626:6770,594:594,06/09/18 00:20:45,STABLE BEAMS,6500,333435.988,325672.150,40.0,HFOC
317626:6770,595:595,06/09/18 00:21:08,STABLE BEAMS,6500,333423.358,325618.974,40.0,HFOC
317626:6770,596:596,06/09/18 00:21:31,STABLE BEAMS,6500,333272.409,320812.102,40.0,HFOC
317626:6770,597:597,06/09/18 00:21:55,STABLE BEAMS,6500,333338.260,325538.045,40.0,HFOC
317626:6770,598:598,06/09/18 00:22:18,STABLE BEAMS,6500,332500.583,324734.020,39.9,HFOC
317626:6770,599:599,06/09/18 00:22:41,STABLE BEAMS,6500,332281.479,324533.981,39.9,HFOC
317626:6770,600:600,06/09/18 00:23:04,STABLE BEAMS,6500,332092.274,324379.242,39.9,HFOC
317626:6770,601:601,06/09/18 00:23:28,STABLE BEAMS,6500,331349.912,323685.608,39.8,HFOC
317626:6770,602:602,06/09/18 00:23:51,STABLE BEAMS,6500,331902.456,324183.848,39.8,HFOC
317626:6770,603:603,06/09/18 00:24:14,STABLE BEAMS,6500,331676.451,323995.228,39.8,HFOC
317626:6770,604:604,06/09/18 00:24:38,STABLE BEAMS,6500,331841.466,324121.372,39.8,HFOC
317626:6770,605:605,06/09/18 00:25:01,STABLE BEAMS,6500,330928.042,318562.279,39.7,HFOC
317626:6770,606:606,06/09/18 00:25:24,STABLE BEAMS,6500,330866.817,323200.782,39.7,HFOC
317626:6770,607:607,06/09/18 00:25:48,STABLE BEAMS,6500,330649.005,322948.711,39.7,HFOC
317626:6770,608:608,06/09/18 00:26:11,STABLE BEAMS,6500,330433.775,322764.211,39.7,HFOC
317626:6770,609:609,06/09/18 00:26:34,STABLE BEAMS,6500,330269.800,322625.373,39.6,HFOC
317626:6770,610:610,06/09/18 00:26:58,STABLE BEAMS,6500,329531.208,321895.663,39.5,HFOC
317626:6770,611:611,06/09/18 00:27:21,STABLE BEAMS,6500,330003.947,322349.618,39.6,HFOC
317626:6770,612:612,06/09/18 00:27:44,STABLE BEAMS,6500,329782.423,322165.226,39.6,HFOC
317626:6770,613:613,06/09/18 00:28:07,STABLE BEAMS,6500,329523.825,321900.271,39.5,HFOC
317626:6770,614:614,06/09/18 00:28:31,STABLE BEAMS,6500,329320.214,321722.626,39.5,HFOC
317626:6770,615:615,06/09/18 00:28:54,STABLE BEAMS,6500,329271.880,317042.867,39.5,HFOC
317626:6770,616:616,06/09/18 00:29:17,STABLE BEAMS,6500,329293.687,321660.933,39.5,HFOC
317626:6770,617:617,06/09/18 00:29:41,STABLE BEAMS,6500,328598.026,320990.187,39.4,HFOC
317626:6770,618:618,06/09/18 00:30:04,STABLE BEAMS,6500,327942.849,320419.799,39.4,HFOC
317626:6770,619:619,06/09/18 00:30:27,STABLE BEAMS,6500,328537.470,320987.920,39.4,HFOC
317626:6770,620:620,06/09/18 00:30:51,STABLE BEAMS,6500,328517.792,306381.912,39.4,HFOC
317626:6770,621:621,06/09/18 00:31:14,STABLE BEAMS,6500,328007.786,320464.863,39.4,HFOC
317626:6770,622:622,06/09/18 00:31:37,STABLE BEAMS,6500,328845.955,321247.342,39.5,HFOC
317626:6770,623:623,06/09/18 00:32:01,STABLE BEAMS,6500,328445.474,315466.781,39.4,HFOC
317626:6770,624:624,06/09/18 00:32:24,STABLE BEAMS,6500,328175.647,316803.794,39.4,HFOC
317626:6770,625:625,06/09/18 00:32:47,STABLE BEAMS,6500,327980.685,320386.032,39.4,HFOC
317626:6770,626:626,06/09/18 00:33:11,STABLE BEAMS,6500,327095.422,319598.027,39.3,HFOC
317626:6770,627:627,06/09/18 00:33:34,STABLE BEAMS,6500,327825.458,320273.257,39.3,HFOC
317626:6770,628:628,06/09/18 00:33:57,STABLE BEAMS,6500,327414.996,319889.845,39.3,HFOC
317626:6770,629:629,06/09/18 00:34:21,STABLE BEAMS,6500,327074.599,319595.597,39.3,HFOC
317626:6770,630:630,06/09/18 00:34:44,STABLE BEAMS,6500,327021.799,319510.297,39.2,HFOC
317626:6770,631:631,06/09/18 00:35:07,STABLE BEAMS,6500,326834.425,318825.386,39.2,HFOC
317626:6770,632:632,06/09/18 00:35:30,STABLE BEAMS,6500,325514.098,318080.337,39.1,HFOC
317626:6770,633:633,06/09/18 00:35:54,STABLE BEAMS,6500,326123.117,318700.161,39.1,HFOC
317626:6770,634:634,06/09/18 00:36:17,STABLE BEAMS,6500,326091.860,318590.133,39.1,HFOC
317626:6770,635:635,06/09/18 00:36:40,STABLE BEAMS,6500,325938.618,318485.914,39.1,HFOC
317626:6770,636:636,06/09/18 00:37:04,STABLE BEAMS,6500,326080.057,318642.590,39.1,HFOC
317626:6770,637:637,06/09/18 00:37:27,STABLE BEAMS,6500,325073.603,317662.383,39.0,HFOC
317626:6770,638:638,06/09/18 00:37:50,STABLE BEAMS,6500,325045.617,317660.311,39.0,HFOC
317626:6770,639:639,06/09/18 00:38:14,STABLE BEAMS,6500,324653.364,317252.011,39.0,HFOC
317626:6770,640:640,06/09/18 00:38:37,STABLE BEAMS,6500,324028.956,316671.280,38.9,HFOC
317626:6770,641:641,06/09/18 00:39:00,STABLE BEAMS,6500,323905.974,307089.646,38.9,HFOC
317626:6770,642:642,06/09/18 00:39:24,STABLE BEAMS,6500,324174.385,316773.411,38.9,HFOC
317626:6770,643:643,06/09/18 00:39:47,STABLE BEAMS,6500,323905.174,316500.384,38.9,HFOC
317626:6770,644:644,06/09/18 00:40:10,STABLE BEAMS,6500,324023.054,316601.962,38.9,HFOC
317626:6770,645:645,06/09/18 00:40:33,STABLE BEAMS,6500,323043.106,315720.633,38.8,HFOC
317626:6770,646:646,06/09/18 00:40:57,STABLE BEAMS,6500,323207.136,315878.871,38.8,HFOC
317626:6770,647:647,06/09/18 00:41:20,STABLE BEAMS,6500,322920.948,315584.671,38.8,HFOC
317626:6770,648:648,06/09/18 00:41:43,STABLE BEAMS,6500,322696.641,315348.316,38.7,HFOC
317626:6770,649:649,06/09/18 00:42:07,STABLE BEAMS,6500,322499.066,315184.850,38.7,HFOC
317626:6770,650:650,06/09/18 00:42:30,STABLE BEAMS,6500,322415.940,315151.925,38.7,HFOC
317626:6770,651:651,06/09/18 00:42:53,STABLE BEAMS,6500,322226.415,314496.218,38.7,HFOC
317626:6770,652:652,06/09/18 00:43:17,STABLE BEAMS,6500,321145.556,313912.229,38.5,HFOC
317626:6770,653:653,06/09/18 00:43:40,STABLE BEAMS,6500,322140.830,314835.499,38.7,HFOC
317626:6770,654:654,06/09/18 00:44:03,STABLE BEAMS,6500,321870.511,314604.405,38.6,HFOC
317626:6770,655:655,06/09/18 00:44:27,STABLE BEAMS,6500,321774.029,314486.009,38.6,HFOC
317626:6770,656:656,06/09/18 00:44:50,STABLE BEAMS,6500,322037.666,314778.456,38.6,HFOC
317626:6770,657:657,06/09/18 00:45:13,STABLE BEAMS,6500,321618.714,314338.876,38.6,HFOC
317626:6770,658:658,06/09/18 00:45:36,STABLE BEAMS,6500,320118.133,312916.044,38.4,HFOC
317626:6770,659:659,06/09/18 00:46:00,STABLE BEAMS,6500,321164.203,313916.065,38.5,HFOC
317626:6770,660:660,06/09/18 00:46:23,STABLE BEAMS,6500,320645.250,313439.702,38.5,HFOC
317626:6770,661:661,06/09/18 00:46:46,STABLE BEAMS,6500,320909.396,313625.956,38.5,HFOC
317626:6770,662:662,06/09/18 00:47:10,STABLE BEAMS,6500,320021.994,308326.096,38.4,HFOC
317626:6770,663:663,06/09/18 00:47:33,STABLE BEAMS,6500,319915.778,312753.113,38.4,HFOC
317626:6770,664:664,06/09/18 00:47:56,STABLE BEAMS,6500,319862.535,312702.063,38.4,HFOC
317626:6770,665:665,06/09/18 00:48:20,STABLE BEAMS,6500,319519.054,312360.942,38.3,HFOC
317626:6770,666:666,06/09/18 00:48:43,STABLE BEAMS,6500,319451.693,312287.081,38.3,HFOC
317626:6770,667:667,06/09/18 00:49:06,STABLE BEAMS,6500,318162.774,311056.341,38.2,HFOC
317626:6770,668:668,06/09/18 00:49:30,STABLE BEAMS,6500,319705.245,312501.317,38.4,HFOC
317626:6770,669:669,06/09/18 00:49:53,STABLE BEAMS,6500,320720.430,313516.825,38.5,HFOC
317626:6770,670:670,06/09/18 00:50:16,STABLE BEAMS,6500,319777.843,312590.134,38.4,HFOC
317626:6770,671:671,06/09/18 00:50:40,STABLE BEAMS,6500,319426.300,312251.340,38.3,HFOC
317626:6770,672:672,06/09/18 00:51:03,STABLE BEAMS,6500,318862.782,307233.560,38.3,HFOC
317626:6770,673:673,06/09/18 00:51:26,STABLE BEAMS,6500,318252.226,311148.491,38.2,HFOC
317626:6770,674:674,06/09/18 00:51:49,STABLE BEAMS,6500,318725.136,311590.966,38.2,HFOC
317626:6770,675:675,06/09/18 00:52:13,STABLE BEAMS,6500,318777.089,311592.779,38.3,HFOC
317626:6770,676:676,06/09/18 00:52:36,STABLE BEAMS,6500,317935.339,310858.513,38.2,HFOC
317626:6770,677:677,06/09/18 00:52:59,STABLE BEAMS,6500,318271.107,311178.575,38.2,HFOC
317626:6770,678:678,06/09/18 00:53:23,STABLE BEAMS,6500,318449.284,311303.254,38.2,HFOC
317626:6770,679:679,06/09/18 00:53:46,STABLE BEAMS,6500,318243.100,311127.314,38.2,HFOC
317626:6770,680:680,06/09/18 00:54:09,STABLE BEAMS,6500,317512.673,310408.316,38.1,HFOC
317626:6770,681:681,06/09/18 00:54:33,STABLE BEAMS,6500,317489.312,310381.011,38.1,HFOC
317626:6770,682:682,06/09/18 00:54:56,STABLE BEAMS,6500,317424.509,305911.919,38.1,HFOC
317626:6770,683:683,06/09/18 00:55:19,STABLE BEAMS,6500,305370.941,294487.774,36.6,HFOC
317626:6770,684:684,06/09/18 00:55:43,STABLE BEAMS,6500,310616.118,299459.014,37.3,HFOC
317626:6770,685:685,06/09/18 00:56:06,STABLE BEAMS,6500,295556.290,289362.710,35.5,HFOC
317626:6770,686:686,06/09/18 00:56:29,STABLE BEAMS,6500,303212.690,296691.706,36.4,HFOC
317626:6770,687:687,06/09/18 00:56:52,STABLE BEAMS,6500,313228.801,305881.540,37.6,HFOC
317626:6770,688:688,06/09/18 00:57:16,STABLE BEAMS,6500,316884.972,309811.767,38.0,HFOC
317626:6770,689:689,06/09/18 00:57:39,STABLE BEAMS,6500,317045.226,309978.740,38.0,HFOC
317626:6770,690:690,06/09/18 00:58:02,STABLE BEAMS,6500,316296.999,309289.944,38.0,HFOC
317626:6770,691:691,06/09/18 00:58:26,STABLE BEAMS,6500,316248.271,309212.058,38.0,HFOC
317626:6770,692:692,06/09/18 00:58:49,STABLE BEAMS,6500,316130.938,309108.988,37.9,HFOC
317626:6770,693:693,06/09/18 00:59:12,STABLE BEAMS,6500,315766.085,308743.813,37.9,HFOC
317626:6770,694:694,06/09/18 00:59:36,STABLE BEAMS,6500,315057.928,308086.829,37.8,HFOC
317626:6770,695:695,06/09/18 00:59:59,STABLE BEAMS,6500,315669.366,308686.639,37.9,HFOC
317626:6770,696:696,06/09/18 01:00:22,STABLE BEAMS,6500,315688.653,308661.732,37.9,HFOC
317626:6770,697:697,06/09/18 01:00:46,STABLE BEAMS,6500,315073.462,308097.561,37.8,HFOC
317626:6770,698:698,06/09/18 01:01:09,STABLE BEAMS,6500,314741.425,293822.025,37.8,HFOC
317626:6770,699:699,06/09/18 01:01:32,STABLE BEAMS,6500,314010.430,302698.201,37.7,HFOC
317626:6770,700:700,06/09/18 01:01:56,STABLE BEAMS,6500,314393.328,307446.507,37.7,HFOC
317626:6770,701:701,06/09/18 01:02:19,STABLE BEAMS,6500,314269.433,307338.927,37.7,HFOC
317626:6770,702:702,06/09/18 01:02:42,STABLE BEAMS,6500,314031.912,307089.825,37.7,HFOC
317626:6770,703:703,06/09/18 01:03:06,STABLE BEAMS,6500,313889.198,302568.042,37.7,HFOC
317626:6770,704:704,06/09/18 01:03:29,STABLE BEAMS,6500,313679.308,306749.829,37.6,HFOC
317626:6770,705:705,06/09/18 01:03:52,STABLE BEAMS,6500,313645.606,306729.990,37.6,HFOC
317626:6770,706:706,06/09/18 01:04:15,STABLE BEAMS,6500,313562.571,306653.694,37.6,HFOC
317626:6770,707:707,06/09/18 01:04:39,STABLE BEAMS,6500,312836.494,301594.357,37.5,HFOC
317626:6770,708:708,06/09/18 01:05:02,STABLE BEAMS,6500,312914.484,306022.776,37.6,HFOC
317626:6770,709:709,06/09/18 01:05:25,STABLE BEAMS,6500,311743.209,304916.951,37.4,HFOC
317626:6770,710:710,06/09/18 01:05:49,STABLE BEAMS,6500,312722.853,305848.120,37.5,HFOC
317626:6770,711:711,06/09/18 01:06:12,STABLE BEAMS,6500,312332.297,305496.232,37.5,HFOC
317626:6770,712:712,06/09/18 01:06:35,STABLE BEAMS,6500,312679.616,305805.135,37.5,HFOC
317626:6770,713:713,06/09/18 01:06:59,STABLE BEAMS,6500,311805.002,304922.441,37.4,HFOC
317626:6770,714:714,06/09/18 01:07:22,STABLE BEAMS,6500,311659.012,304824.725,37.4,HFOC
317626:6770,715:715,06/09/18 01:07:45,STABLE BEAMS,6500,311531.305,304711.870,37.4,HFOC
317626:6770,716:716,06/09/18 01:08:09,STABLE BEAMS,6500,311307.841,300125.886,37.4,HFOC
317626:6770,717:717,06/09/18 01:08:32,STABLE BEAMS,6500,310408.497,303624.663,37.3,HFOC
317626:6770,718:718,06/09/18 01:08:55,STABLE BEAMS,6500,312345.280,305467.165,37.5,HFOC
317626:6770,719:719,06/09/18 01:09:19,STABLE BEAMS,6500,311836.499,304944.570,37.4,HFOC
317626:6770,720:720,06/09/18 01:09:42,STABLE BEAMS,6500,311527.434,304697.517,37.4,HFOC
317626:6770,721:721,06/09/18 01:10:05,STABLE BEAMS,6500,311356.195,304533.422,37.4,HFOC
317626:6770,722:722,06/09/18 01:10:28,STABLE BEAMS,6500,311338.711,304502.194,37.4,HFOC
317626:6770,723:723,06/09/18 01:10:52,STABLE BEAMS,6500,311258.476,304456.880,37.4,HFOC
317626:6770,724:724,06/09/18 01:11:15,STABLE BEAMS,6500,310587.591,303793.264,37.3,HFOC
317626:6770,725:725,06/09/18 01:11:38,STABLE BEAMS,6500,310505.214,303703.815,37.3,HFOC
317626:6770,726:726,06/09/18 01:12:02,STABLE BEAMS,6500,310408.916,303605.385,37.3,HFOC
317626:6770,727:727,06/09/18 01:12:25,STABLE BEAMS,6500,310189.982,299068.894,37.2,HFOC
317626:6770,728:728,06/09/18 01:12:48,STABLE BEAMS,6500,309307.901,302554.402,37.1,HFOC
317626:6770,729:729,06/09/18 01:13:12,STABLE BEAMS,6500,310130.791,303357.947,37.2,HFOC
317626:6770,730:730,06/09/18 01:13:35,STABLE BEAMS,6500,309770.655,303006.717,37.2,HFOC
317626:6770,731:731,06/09/18 01:13:58,STABLE BEAMS,6500,309560.478,302780.067,37.1,HFOC
317626:6770,732:732,06/09/18 01:14:22,STABLE BEAMS,6500,309475.498,302621.449,37.1,HFOC
317626:6770,733:733,06/09/18 01:14:45,STABLE BEAMS,6500,309161.165,204095.422,37.1,HFOC
317626:6770,734:734,06/09/18 01:15:08,STABLE BEAMS,6500,308919.277,242058.301,37.1,HFOC
317626:6770,735:735,06/09/18 01:15:31,STABLE BEAMS,6500,309214.642,302439.672,37.1,HFOC
317626:6770,736:736,06/09/18 01:15:55,STABLE BEAMS,6500,308295.864,301576.411,37.0,HFOC
317626:6770,737:737,06/09/18 01:16:18,STABLE BEAMS,6500,307841.562,301137.463,36.9,HFOC
317626:6770,738:738,06/09/18 01:16:41,STABLE BEAMS,6500,307989.578,301296.474,37.0,HFOC
317626:6770,739:739,06/09/18 01:17:05,STABLE BEAMS,6500,307941.740,301213.588,37.0,HFOC
317626:6770,740:740,06/09/18 01:17:28,STABLE BEAMS,6500,307764.749,301083.789,36.9,HFOC
317626:6770,741:741,06/09/18 01:17:51,STABLE BEAMS,6500,307540.258,300881.958,36.9,HFOC
317626:6770,742:742,06/09/18 01:18:15,STABLE BEAMS,6500,307634.049,300956.478,36.9,HFOC
317626:6770,743:743,06/09/18 01:18:38,STABLE BEAMS,6500,306991.510,300245.289,36.8,HFOC
317626:6770,744:744,06/09/18 01:19:01,STABLE BEAMS,6500,306909.006,295944.710,36.8,HFOC
317626:6770,745:745,06/09/18 01:19:25,STABLE BEAMS,6500,306745.940,300081.348,36.8,HFOC
317626:6770,746:746,06/09/18 01:19:48,STABLE BEAMS,6500,306599.735,299941.482,36.8,HFOC
317626:6770,747:747,06/09/18 01:20:11,STABLE BEAMS,6500,306448.854,299804.465,36.8,HFOC
317626:6770,748:748,06/09/18 01:20:34,STABLE BEAMS,6500,306330.326,299601.785,36.8,HFOC
317626:6770,749:749,06/09/18 01:20:58,STABLE BEAMS,6500,306226.886,299581.684,36.7,HFOC
317626:6770,750:750,06/09/18 01:21:21,STABLE BEAMS,6500,305615.061,299032.060,36.7,HFOC
317626:6770,751:751,06/09/18 01:21:44,STABLE BEAMS,6500,305846.487,299243.978,36.7,HFOC
317626:6770,752:752,06/09/18 01:22:08,STABLE BEAMS,6500,305754.871,299152.888,36.7,HFOC
317626:6770,753:753,06/09/18 01:22:31,STABLE BEAMS,6500,305671.916,299061.268,36.7,HFOC
317626:6770,754:754,06/09/18 01:22:54,STABLE BEAMS,6500,305506.729,298893.604,36.7,HFOC
317626:6770,755:755,06/09/18 01:23:18,STABLE BEAMS,6500,304526.650,293706.074,36.5,HFOC
317626:6770,756:756,06/09/18 01:23:41,STABLE BEAMS,6500,304792.621,298228.461,36.6,HFOC
317626:6770,757:757,06/09/18 01:24:04,STABLE BEAMS,6500,304693.973,298126.763,36.6,HFOC
317626:6770,758:758,06/09/18 01:24:28,STABLE BEAMS,6500,304632.971,298032.279,36.6,HFOC
317626:6770,759:759,06/09/18 01:24:51,STABLE BEAMS,6500,304713.340,298142.582,36.6,HFOC
317626:6770,760:760,06/09/18 01:25:14,STABLE BEAMS,6500,304095.859,297546.852,36.5,HFOC
317626:6770,761:761,06/09/18 01:25:38,STABLE BEAMS,6500,304030.922,297496.762,36.5,HFOC
317626:6770,762:762,06/09/18 01:26:01,STABLE BEAMS,6500,303898.051,297377.249,36.5,HFOC
317626:6770,763:763,06/09/18 01:26:24,STABLE BEAMS,6500,303668.560,297132.383,36.4,HFOC
317626:6770,764:764,06/09/18 01:26:47,STABLE BEAMS,6500,303437.498,296912.623,36.4,HFOC
317626:6770,765:765,06/09/18 01:27:11,STABLE BEAMS,6500,303905.493,297371.037,36.5,HFOC
317626:6770,766:766,06/09/18 01:27:34,STABLE BEAMS,6500,303905.817,293146.569,36.5,HFOC
317626:6770,767:767,06/09/18 01:27:57,STABLE BEAMS,6500,303904.329,297338.042,36.5,HFOC
317626:6770,768:768,06/09/18 01:28:21,STABLE BEAMS,6500,303714.168,297190.108,36.4,HFOC
317626:6770,769:769,06/09/18 01:28:44,STABLE BEAMS,6500,303931.693,297410.724,36.5,HFOC
317626:6770,770:770,06/09/18 01:29:07,STABLE BEAMS,6500,303199.503,296678.995,36.4,HFOC
317626:6770,771:771,06/09/18 01:29:31,STABLE BEAMS,6500,303154.350,296643.123,36.4,HFOC
317626:6770,772:772,06/09/18 01:29:54,STABLE BEAMS,6500,302530.886,296035.023,36.3,HFOC
317626:6770,773:773,06/09/18 01:30:17,STABLE BEAMS,6500,302717.177,296216.306,36.3,HFOC
317626:6770,774:774,06/09/18 01:30:41,STABLE BEAMS,6500,302479.755,296016.681,36.3,HFOC
317626:6770,775:775,06/09/18 01:31:04,STABLE BEAMS,6500,302346.288,295852.627,36.3,HFOC
317626:6770,776:776,06/09/18 01:31:27,STABLE BEAMS,6500,302316.037,295865.447,36.3,HFOC
317626:6770,777:777,06/09/18 01:31:51,STABLE BEAMS,6500,302150.198,84301.125,36.3,HFOC
317626:6770,778:778,06/09/18 01:32:14,STABLE BEAMS,6500,301649.320,290199.413,36.2,HFOC
317626:6770,779:779,06/09/18 01:32:37,STABLE BEAMS,6500,301540.694,295087.834,36.2,HFOC
317626:6770,780:780,06/09/18 01:33:00,STABLE BEAMS,6500,301410.782,294997.286,36.2,HFOC
317626:6770,781:781,06/09/18 01:33:24,STABLE BEAMS,6500,301250.882,290613.853,36.2,HFOC
317626:6770,782:782,06/09/18 01:33:47,STABLE BEAMS,6500,301074.219,294642.421,36.1,HFOC
317626:6770,783:783,06/09/18 01:34:10,STABLE BEAMS,6500,300810.105,290175.515,36.1,HFOC
317626:6770,784:784,06/09/18 01:34:34,STABLE BEAMS,6500,300353.329,293906.717,36.0,HFOC
317626:6770,785:785,06/09/18 01:34:57,STABLE BEAMS,6500,300620.491,294221.915,36.1,HFOC
317626:6770,786:786,06/09/18 01:35:20,STABLE BEAMS,6500,300408.385,293997.983,36.1,HFOC
317626:6770,787:787,06/09/18 01:35:44,STABLE BEAMS,6500,300687.151,294251.397,36.1,HFOC
317626:6770,788:788,06/09/18 01:36:07,STABLE BEAMS,6500,299609.835,289051.099,36.0,HFOC
317626:6770,789:789,06/09/18 01:36:30,STABLE BEAMS,6500,299642.863,293281.390,36.0,HFOC
317626:6770,790:790,06/09/18 01:36:54,STABLE BEAMS,6500,299724.289,293379.463,36.0,HFOC
317626:6770,791:791,06/09/18 01:37:17,STABLE BEAMS,6500,299605.501,293228.167,36.0,HFOC
317626:6770,792:792,06/09/18 01:37:40,STABLE BEAMS,6500,299518.615,293199.682,35.9,HFOC
317626:6770,793:793,06/09/18 01:38:04,STABLE BEAMS,6500,299515.044,293158.038,35.9,HFOC
317626:6770,794:794,06/09/18 01:38:27,STABLE BEAMS,6500,298699.576,292382.595,35.8,HFOC
317626:6770,795:795,06/09/18 01:38:50,STABLE BEAMS,6500,298494.871,292173.255,35.8,HFOC
317626:6770,796:796,06/09/18 01:39:13,STABLE BEAMS,6500,298344.257,292021.521,35.8,HFOC
317626:6770,797:797,06/09/18 01:39:37,STABLE BEAMS,6500,298224.916,291901.666,35.8,HFOC
317626:6770,798:798,06/09/18 01:40:00,STABLE BEAMS,6500,297370.395,291058.126,35.7,HFOC
317626:6770,799:799,06/09/18 01:40:23,STABLE BEAMS,6500,297640.452,287202.227,35.7,HFOC
317626:6770,800:800,06/09/18 01:40:47,STABLE BEAMS,6500,297660.158,291385.774,35.7,HFOC
317626:6770,801:801,06/09/18 01:41:10,STABLE BEAMS,6500,298007.140,291723.671,35.8,HFOC
317626:6770,802:802,06/09/18 01:41:33,STABLE BEAMS,6500,297206.795,290949.653,35.7,HFOC
317626:6770,803:803,06/09/18 01:41:57,STABLE BEAMS,6500,296713.151,290044.589,35.6,HFOC
317626:6770,804:804,06/09/18 01:42:20,STABLE BEAMS,6500,296544.880,290287.023,35.6,HFOC
317626:6770,805:805,06/09/18 01:42:43,STABLE BEAMS,6500,296601.238,290361.270,35.6,HFOC
317626:6770,806:806,06/09/18 01:43:06,STABLE BEAMS,6500,296511.286,290278.624,35.6,HFOC
317626:6770,807:807,06/09/18 01:43:30,STABLE BEAMS,6500,296291.731,290068.508,35.6,HFOC
317626:6770,808:808,06/09/18 01:43:53,STABLE BEAMS,6500,296327.827,290078.874,35.6,HFOC
317626:6770,809:809,06/09/18 01:44:16,STABLE BEAMS,6500,296349.065,290124.525,35.6,HFOC
317626:6770,810:810,06/09/18 01:44:40,STABLE BEAMS,6500,295882.993,289624.980,35.5,HFOC
317626:6770,811:811,06/09/18 01:45:03,STABLE BEAMS,6500,295772.769,289556.762,35.5,HFOC
317626:6770,812:812,06/09/18 01:45:26,STABLE BEAMS,6500,295688.711,289447.176,35.5,HFOC
317626:6770,813:813,06/09/18 01:45:50,STABLE BEAMS,6500,294827.514,288667.912,35.4,HFOC
317626:6770,814:814,06/09/18 01:46:13,STABLE BEAMS,6500,294905.773,281980.802,35.4,HFOC
317626:6770,815:815,06/09/18 01:46:36,STABLE BEAMS,6500,295978.508,287898.278,35.5,HFOC
317626:6770,816:816,06/09/18 01:47:00,STABLE BEAMS,6500,295762.455,289556.316,35.5,HFOC
317626:6770,817:817,06/09/18 01:47:23,STABLE BEAMS,6500,296167.971,289915.845,35.5,HFOC
317626:6770,818:818,06/09/18 01:47:46,STABLE BEAMS,6500,295259.450,289066.861,35.4,HFOC
317626:6770,819:819,06/09/18 01:48:10,STABLE BEAMS,6500,295169.542,288939.807,35.4,HFOC
317626:6770,820:820,06/09/18 01:48:33,STABLE BEAMS,6500,295025.482,288823.564,35.4,HFOC
317626:6770,821:821,06/09/18 01:48:56,STABLE BEAMS,6500,294831.544,288226.749,35.4,HFOC
317626:6770,822:822,06/09/18 01:49:20,STABLE BEAMS,6500,294603.238,288436.074,35.4,HFOC
317626:6770,823:823,06/09/18 01:49:43,STABLE BEAMS,6500,294448.261,288272.903,35.3,HFOC
317626:6770,824:824,06/09/18 01:50:06,STABLE BEAMS,6500,294294.791,288148.157,35.3,HFOC
317626:6770,825:825,06/09/18 01:50:29,STABLE BEAMS,6500,294103.073,287953.624,35.3,HFOC
317626:6770,826:826,06/09/18 01:50:53,STABLE BEAMS,6500,293959.951,287788.184,35.3,HFOC
317626:6770,827:827,06/09/18 01:51:16,STABLE BEAMS,6500,293836.121,287666.882,35.3,HFOC
317626:6770,828:828,06/09/18 01:51:39,STABLE BEAMS,6500,293717.734,287581.287,35.2,HFOC
317626:6770,829:829,06/09/18 01:52:03,STABLE BEAMS,6500,293602.040,287341.324,35.2,HFOC
317626:6770,830:830,06/09/18 01:52:26,STABLE BEAMS,6500,293481.357,287329.765,35.2,HFOC
317626:6770,831:831,06/09/18 01:52:49,STABLE BEAMS,6500,293262.283,287146.639,35.2,HFOC
317626:6770,832:832,06/09/18 01:53:13,STABLE BEAMS,6500,293174.094,278502.838,35.2,HFOC
317626:6770,833:833,06/09/18 01:53:36,STABLE BEAMS,6500,293015.463,286908.590,35.2,HFOC
317626:6770,834:834,06/09/18 01:53:59,STABLE BEAMS,6500,292845.824,286748.178,35.1,HFOC
317626:6770,835:835,06/09/18 01:54:23,STABLE BEAMS,6500,292651.172,242204.756,35.1,HFOC
317626:6770,836:836,06/09/18 01:54:46,STABLE BEAMS,6500,292408.519,88048.846,35.1,HFOC
317626:6770,837:837,06/09/18 01:55:09,STABLE BEAMS,6500,292324.067,196209.301,35.1,HFOC
317626:6770,838:838,06/09/18 01:55:32,STABLE BEAMS,6500,292166.682,286083.738,35.1,HFOC
317626:6770,839:839,06/09/18 01:55:56,STABLE BEAMS,6500,292023.300,285949.836,35.0,HFOC
317626:6770,840:840,06/09/18 01:56:19,STABLE BEAMS,6500,291815.923,285768.603,35.0,HFOC
317626:6770,841:841,06/09/18 01:56:42,STABLE BEAMS,6500,291636.058,199661.119,35.0,HFOC
317626:6770,842:842,06/09/18 01:57:06,STABLE BEAMS,6500,291493.260,63781.108,35.0,HFOC
317626:6770,843:843,06/09/18 01:57:29,STABLE BEAMS,6500,291326.956,243271.819,35.0,HFOC
317626:6770,844:844,06/09/18 01:57:52,STABLE BEAMS,6500,291143.507,285122.540,34.9,HFOC
317626:6770,845:845,06/09/18 01:58:16,STABLE BEAMS,6500,290916.523,284924.551,34.9,HFOC
317626:6770,846:846,06/09/18 01:58:39,STABLE BEAMS,6500,290739.946,284262.374,34.9,HFOC
317626:6770,847:847,06/09/18 01:59:02,STABLE BEAMS,6500,290592.414,284162.090,34.9,HFOC
317626:6770,848:848,06/09/18 01:59:26,STABLE BEAMS,6500,290448.701,284008.905,34.9,HFOC
317626:6770,849:849,06/09/18 01:59:49,STABLE BEAMS,6500,290225.426,283772.444,34.8,HFOC
317626:6770,850:850,06/09/18 02:00:12,STABLE BEAMS,6500,290035.916,275131.682,34.8,HFOC
317626:6770,851:851,06/09/18 02:00:35,STABLE BEAMS,6500,289913.562,279097.399,34.8,HFOC
317626:6770,852:852,06/09/18 02:00:59,STABLE BEAMS,6500,289729.856,279245.233,34.8,HFOC
317626:6770,853:853,06/09/18 02:01:22,STABLE BEAMS,6500,289491.847,282992.123,34.7,HFOC
317626:6770,854:854,06/09/18 02:01:45,STABLE BEAMS,6500,289284.030,282912.270,34.7,HFOC
317626:6770,855:855,06/09/18 02:02:09,STABLE BEAMS,6500,289100.426,282695.852,34.7,HFOC
317626:6770,856:856,06/09/18 02:02:32,STABLE BEAMS,6500,288941.284,282553.797,34.7,HFOC
317626:6770,857:857,06/09/18 02:02:55,STABLE BEAMS,6500,288754.118,278336.100,34.7,HFOC
317626:6770,858:858,06/09/18 02:03:19,STABLE BEAMS,6500,288528.622,282141.014,34.6,HFOC
317626:6770,859:859,06/09/18 02:03:42,STABLE BEAMS,6500,288187.874,281849.333,34.6,HFOC
317626:6770,860:860,06/09/18 02:04:05,STABLE BEAMS,6500,287425.360,281111.247,34.5,HFOC
317626:6770,861:861,06/09/18 02:04:29,STABLE BEAMS,6500,287901.767,281560.416,34.5,HFOC
317626:6770,862:862,06/09/18 02:04:52,STABLE BEAMS,6500,288130.107,281797.213,34.6,HFOC
317626:6770,863:863,06/09/18 02:05:15,STABLE BEAMS,6500,289079.114,282686.829,34.7,HFOC
317626:6770,864:864,06/09/18 02:05:39,STABLE BEAMS,6500,288244.877,281849.908,34.6,HFOC
317626:6770,865:865,06/09/18 02:06:02,STABLE BEAMS,6500,288140.735,281782.337,34.6,HFOC
317626:6770,866:866,06/09/18 02:06:25,STABLE BEAMS,6500,287999.756,281648.948,34.6,HFOC
317626:6770,867:867,06/09/18 02:06:49,STABLE BEAMS,6500,287805.765,277436.152,34.5,HFOC
317626:6770,868:868,06/09/18 02:07:12,STABLE BEAMS,6500,287695.577,281356.295,34.5,HFOC
317626:6770,869:869,06/09/18 02:07:35,STABLE BEAMS,6500,287477.702,281154.079,34.5,HFOC
317626:6770,870:870,06/09/18 02:07:58,STABLE BEAMS,6500,287267.183,280958.581,34.5,HFOC
317626:6770,871:871,06/09/18 02:08:22,STABLE BEAMS,6500,287017.218,280700.788,34.4,HFOC
317626:6770,872:872,06/09/18 02:08:45,STABLE BEAMS,6500,286873.774,280568.569,34.4,HFOC
317626:6770,873:873,06/09/18 02:09:08,STABLE BEAMS,6500,286745.393,280419.823,34.4,HFOC
317626:6770,874:874,06/09/18 02:09:32,STABLE BEAMS,6500,286568.602,280283.834,34.4,HFOC
317626:6770,875:875,06/09/18 02:09:55,STABLE BEAMS,6500,286389.073,280128.098,34.4,HFOC
317626:6770,876:876,06/09/18 02:10:18,STABLE BEAMS,6500,286180.172,279892.397,34.3,HFOC
317626:6770,877:877,06/09/18 02:10:42,STABLE BEAMS,6500,285972.166,279709.560,34.3,HFOC
317626:6770,878:878,06/09/18 02:11:05,STABLE BEAMS,6500,285815.550,275538.804,34.3,HFOC
317626:6770,879:879,06/09/18 02:11:28,STABLE BEAMS,6500,285657.919,279423.853,34.3,HFOC
317626:6770,880:880,06/09/18 02:11:52,STABLE BEAMS,6500,285474.969,279225.573,34.3,HFOC
317626:6770,881:881,06/09/18 02:12:15,STABLE BEAMS,6500,285285.570,279047.976,34.2,HFOC
317626:6770,882:882,06/09/18 02:12:38,STABLE BEAMS,6500,285144.222,278883.675,34.2,HFOC
317626:6770,883:883,06/09/18 02:13:01,STABLE BEAMS,6500,284918.523,278724.057,34.2,HFOC
317626:6770,884:884,06/09/18 02:13:25,STABLE BEAMS,6500,284119.189,277944.370,34.1,HFOC
317626:6770,885:885,06/09/18 02:13:48,STABLE BEAMS,6500,284629.635,274445.977,34.2,HFOC
317626:6770,886:886,06/09/18 02:14:11,STABLE BEAMS,6500,284864.004,278630.421,34.2,HFOC
317626:6770,887:887,06/09/18 02:14:35,STABLE BEAMS,6500,284592.537,278395.113,34.2,HFOC
317626:6770,888:888,06/09/18 02:14:58,STABLE BEAMS,6500,284281.570,278094.812,34.1,HFOC
317626:6770,889:889,06/09/18 02:15:21,STABLE BEAMS,6500,284115.479,277941.596,34.1,HFOC
317626:6770,890:890,06/09/18 02:15:45,STABLE BEAMS,6500,284005.725,277802.213,34.1,HFOC
317626:6770,891:891,06/09/18 02:16:08,STABLE BEAMS,6500,283872.121,277675.700,34.1,HFOC
317626:6770,892:892,06/09/18 02:16:31,STABLE BEAMS,6500,283772.041,277605.197,34.1,HFOC
317626:6770,893:893,06/09/18 02:16:55,STABLE BEAMS,6500,283659.185,277481.779,34.0,HFOC
317626:6770,894:894,06/09/18 02:17:18,STABLE BEAMS,6500,283490.730,277312.288,34.0,HFOC
317626:6770,895:895,06/09/18 02:17:41,STABLE BEAMS,6500,283267.954,277141.720,34.0,HFOC
317626:6770,896:896,06/09/18 02:18:05,STABLE BEAMS,6500,283096.757,272970.763,34.0,HFOC
317626:6770,897:897,06/09/18 02:18:28,STABLE BEAMS,6500,282963.082,276854.378,34.0,HFOC
317626:6770,898:898,06/09/18 02:18:51,STABLE BEAMS,6500,282778.567,276642.297,33.9,HFOC
317626:6770,899:899,06/09/18 02:19:14,STABLE BEAMS,6500,282424.884,276324.604,33.9,HFOC
317626:6770,900:900,06/09/18 02:19:38,STABLE BEAMS,6500,282302.275,276200.020,33.9,HFOC
324022:7256,1:1,10/04/18 06:50:15,STABLE BEAMS,6500,279615.318,87110.875,33.6,HFOC
324022:7256,2:2,10/04/18 06:50:38,STABLE BEAMS,6500,279219.259,271976.472,33.5,HFOC
324022:7256,3:3,10/04/18 06:51:02,STABLE BEAMS,6500,279195.283,264237.268,33.5,HFOC
324022:7256,4:4,10/04/18 06:51:25,STABLE BEAMS,6500,278816.958,271725.672,33.5,HFOC
324022:7256,5:5,10/04/18 06:51:48,STABLE BEAMS,6500,278781.991,267821.442,33.5,HFOC
324022:7256,6:6,10/04/18 06:52:12,STABLE BEAMS,6500,278613.226,271557.810,33.4,HFOC
324022:7256,7:7,10/04/18 06:52:35,STABLE BEAMS,6500,278470.550,271331.562,33.4,HFOC
324022:7256,8:8,10/04/18 06:52:58,STABLE BEAMS,6500,278325.565,271320.074,33.4,HFOC
324022:7256,9:9,10/04/18 06:53:22,STABLE BEAMS,6500,278231.457,271209.412,33.4,HFOC
324022:7256,10:10,10/04/18 06:53:45,STABLE BEAMS,6500,278039.451,271003.451,33.4,HFOC
324022:7256,11:11,10/04/18 06:54:08,STABLE BEAMS,6500,277925.817,270876.820,33.4,HFOC
324022:7256,12:12,10/04/18 06:54:32,STABLE BEAMS,6500,277876.013,270855.848,33.3,HFOC
324022:7256,13:13,10/04/18 06:54:55,STABLE BEAMS,6500,277744.758,270669.577,33.3,HFOC
324022:7256,14:14,10/04/18 06:55:18,STABLE BEAMS,6500,277693.108,266767.591,33.3,HFOC
324022:7256,15:15,10/04/18 06:55:41,STABLE BEAMS,6500,277447.518,270396.741,33.3,HFOC
324022:7256,16:16,10/04/18 06:56:05,STABLE BEAMS,6500,276933.066,269860.594,33.2,HFOC
324022:7256,17:17,10/04/18 06:56:28,STABLE BEAMS,6500,276646.272,269638.772,33.2,HFOC
324022:7256,18:18,10/04/18 06:56:51,STABLE BEAMS,6500,276852.971,269858.135,33.2,HFOC
324022:7256,19:19,10/04/18 06:57:15,STABLE BEAMS,6500,276672.331,269700.775,33.2,HFOC
324022:7256,20:20,10/04/18 06:57:38,STABLE BEAMS,6500,276007.314,269034.180,33.1,HFOC
324022:7256,21:21,10/04/18 06:58:01,STABLE BEAMS,6500,275973.182,268986.161,33.1,HFOC
324022:7256,22:22,10/04/18 06:58:25,STABLE BEAMS,6500,275848.663,268942.034,33.1,HFOC
324022:7256,23:23,10/04/18 06:58:48,STABLE BEAMS,6500,275614.707,264878.250,33.1,HFOC
324022:7256,24:24,10/04/18 06:59:11,STABLE BEAMS,6500,275586.109,268677.548,33.1,HFOC
324022:7256,25:25,10/04/18 06:59:35,STABLE BEAMS,6500,275491.721,268600.697,33.1,HFOC
324022:7256,26:26,10/04/18 06:59:58,STABLE BEAMS,6500,275282.377,268410.471,33.0,HFOC
324022:7256,27:27,10/04/18 07:00:21,STABLE BEAMS,6500,275110.643,264339.977,33.0,HFOC
324022:7256,28:28,10/04/18 07:00:45,STABLE BEAMS,6500,274990.360,268105.540,33.0,HFOC
324022:7256,29:29,10/04/18 07:01:08,STABLE BEAMS,6500,274851.450,267961.820,33.0,HFOC
324022:7256,30:30,10/04/18 07:01:31,STABLE BEAMS,6500,274602.321,267768.146,33.0,HFOC
324022:7256,31:31,10/04/18 07:01:54,STABLE BEAMS,6500,274454.351,267640.837,32.9,HFOC
324022:7256,32:32,10/04/18 07:02:18,STABLE BEAMS,6500,274275.988,267443.504,32.9,HFOC
324022:7256,33:33,10/04/18 07:02:41,STABLE BEAMS,6500,273950.009,267146.607,32.9,HFOC
324022:7256,34:34,10/04/18 07:03:04,STABLE BEAMS,6500,273637.955,266785.131,32.8,HFOC
324022:7256,35:35,10/04/18 07:03:28,STABLE BEAMS,6500,273432.777,266655.252,32.8,HFOC
324022:7256,36:36,10/04/18 07:03:51,STABLE BEAMS,6500,273267.216,262672.682,32.8,HFOC
324022:7256,37:37,10/04/18 07:04:14,STABLE BEAMS,6500,273026.867,266299.900,32.8,HFOC
324022:7256,38:38,10/04/18 07:04:38,STABLE BEAMS,6500,272939.315,266168.860,32.8,HFOC
324022:7256,39:39,10/04/18 07:05:01,STABLE BEAMS,6500,272819.233,266007.436,32.7,HFOC
324022:7256,40:40,10/04/18 07:05:24,STABLE BEAMS,6500,272804.411,266028.527,32.7,HFOC
324022:7256,41:41,10/04/18 07:05:48,STABLE BEAMS,6500,272746.311,265995.364,32.7,HFOC
324022:7256,42:42,10/04/18 07:06:11,STABLE BEAMS,6500,272415.468,265714.453,32.7,HFOC
324022:7256,43:43,10/04/18 07:06:34,STABLE BEAMS,6500,272343.465,265619.475,32.7,HFOC
324022:7256,44:44,10/04/18 07:06:57,STABLE BEAMS,6500,272217.011,265497.315,32.7,HFOC
324022:7256,45:45,10/04/18 07:07:21,STABLE BEAMS,6500,272065.425,261580.951,32.6,HFOC
324022:7256,46:46,10/04/18 07:07:44,STABLE BEAMS,6500,271840.867,265144.198,32.6,HFOC
324022:7256,47:47,10/04/18 07:08:07,STABLE BEAMS,6500,271775.897,265069.868,32.6,HFOC
324022:7256,48:48,10/04/18 07:08:31,STABLE BEAMS,6500,271755.823,264993.635,32.6,HFOC
324022:7256,49:49,10/04/18 07:08:54,STABLE BEAMS,6500,272068.001,265358.914,32.6,HFOC
324022:7256,50:50,10/04/18 07:09:17,STABLE BEAMS,6500,272050.581,265207.847,32.6,HFOC
324022:7256,51:51,10/04/18 07:09:41,STABLE BEAMS,6500,271872.881,265149.194,32.6,HFOC
324022:7256,52:52,10/04/18 07:10:04,STABLE BEAMS,6500,271608.459,264946.175,32.6,HFOC
324022:7256,53:53,10/04/18 07:10:27,STABLE BEAMS,6500,271139.836,264478.135,32.5,HFOC
324022:7256,54:54,10/04/18 07:10:51,STABLE BEAMS,6500,271138.240,264477.543,32.5,HFOC
324022:7256,55:55,10/04/18 07:11:14,STABLE BEAMS,6500,271041.459,260583.196,32.5,HFOC
324022:7256,56:56,10/04/18 07:11:37,STABLE BEAMS,6500,270944.312,264265.847,32.5,HFOC
324022:7256,57:57,10/04/18 07:12:00,STABLE BEAMS,6500,270832.644,264194.961,32.5,HFOC
324022:7256,58:58,10/04/18 07:12:24,STABLE BEAMS,6500,270845.528,264201.754,32.5,HFOC
324022:7256,59:59,10/04/18 07:12:47,STABLE BEAMS,6500,270594.056,263945.378,32.5,HFOC
324022:7256,60:60,10/04/18 07:13:10,STABLE BEAMS,6500,270487.942,263878.445,32.5,HFOC
324022:7256,61:61,10/04/18 07:13:34,STABLE BEAMS,6500,270319.096,263699.393,32.4,HFOC
324022:7256,62:62,10/04/18 07:13:57,STABLE BEAMS,6500,270122.937,263453.987,32.4,HFOC
324022:7256,63:63,10/04/18 07:14:20,STABLE BEAMS,6500,269846.981,263242.150,32.4,HFOC
324022:7256,64:64,10/04/18 07:14:44,STABLE BEAMS,6500,269652.678,255504.392,32.4,HFOC
324022:7256,65:65,10/04/18 07:15:07,STABLE BEAMS,6500,269499.721,262883.774,32.3,HFOC
324022:7256,66:66,10/04/18 07:15:30,STABLE BEAMS,6500,269339.645,262772.098,32.3,HFOC
324022:7256,67:67,10/04/18 07:15:54,STABLE BEAMS,6500,269161.525,262557.547,32.3,HFOC
324022:7256,68:68,10/04/18 07:16:17,STABLE BEAMS,6500,268914.544,262299.308,32.3,HFOC
324022:7256,69:69,10/04/18 07:16:40,STABLE BEAMS,6500,268666.306,262120.976,32.2,HFOC
324022:7256,70:70,10/04/18 07:17:04,STABLE BEAMS,6500,268730.742,262184.485,32.2,HFOC
324022:7256,71:71,10/04/18 07:17:27,STABLE BEAMS,6500,268509.312,261964.227,32.2,HFOC
324022:7256,72:72,10/04/18 07:17:50,STABLE BEAMS,6500,268350.969,261849.922,32.2,HFOC
324022:7256,73:73,10/04/18 07:18:13,STABLE BEAMS,6500,268224.650,261637.241,32.2,HFOC
324022:7256,74:74,10/04/18 07:18:37,STABLE BEAMS,6500,268121.412,257841.737,32.2,HFOC
324022:7256,75:75,10/04/18 07:19:00,STABLE BEAMS,6500,267708.507,261186.927,32.1,HFOC
324022:7256,76:76,10/04/18 07:19:23,STABLE BEAMS,6500,267679.575,261170.054,32.1,HFOC
324022:7256,77:77,10/04/18 07:19:47,STABLE BEAMS,6500,267613.900,261119.840,32.1,HFOC
324022:7256,78:78,10/04/18 07:20:10,STABLE BEAMS,6500,267562.230,261082.077,32.1,HFOC
324022:7256,79:79,10/04/18 07:20:33,STABLE BEAMS,6500,267291.234,256124.104,32.1,HFOC
324022:7256,80:80,10/04/18 07:20:57,STABLE BEAMS,6500,267145.816,253882.990,32.1,HFOC
324022:7256,81:81,10/04/18 07:21:20,STABLE BEAMS,6500,267008.206,260519.687,32.0,HFOC
324022:7256,82:82,10/04/18 07:21:43,STABLE BEAMS,6500,266768.630,260285.918,32.0,HFOC
324022:7256,83:83,10/04/18 07:22:07,STABLE BEAMS,6500,266492.338,260028.669,32.0,HFOC
324022:7256,84:84,10/04/18 07:22:30,STABLE BEAMS,6500,266319.510,259898.259,32.0,HFOC
324022:7256,85:85,10/04/18 07:22:53,STABLE BEAMS,6500,266104.215,259679.242,31.9,HFOC
324022:7256,86:86,10/04/18 07:23:17,STABLE BEAMS,6500,265918.854,259508.617,31.9,HFOC
324022:7256,87:87,10/04/18 07:23:40,STABLE BEAMS,6500,265720.885,259312.389,31.9,HFOC
324022:7256,88:88,10/04/18 07:24:03,STABLE BEAMS,6500,265600.032,259204.239,31.9,HFOC
324022:7256,89:89,10/04/18 07:24:26,STABLE BEAMS,6500,265489.471,255375.603,31.9,HFOC
324022:7256,90:90,10/04/18 07:24:50,STABLE BEAMS,6500,265428.899,259041.112,31.9,HFOC
324022:7256,91:91,10/04/18 07:25:13,STABLE BEAMS,6500,265302.346,258914.823,31.8,HFOC
324022:7256,92:92,10/04/18 07:25:36,STABLE BEAMS,6500,265120.854,258734.292,31.8,HFOC
324022:7256,93:93,10/04/18 07:26:00,STABLE BEAMS,6500,264995.163,254959.811,31.8,HFOC
324022:7256,94:94,10/04/18 07:26:23,STABLE BEAMS,6500,265618.100,259214.617,31.9,HFOC
324022:7256,95:95,10/04/18 07:26:46,STABLE BEAMS,6500,265598.954,259211.006,31.9,HFOC
324022:7256,96:96,10/04/18 07:27:10,STABLE BEAMS,6500,265499.785,259117.126,31.9,HFOC
324022:7256,97:97,10/04/18 07:27:33,STABLE BEAMS,6500,265429.303,259027.275,31.9,HFOC
324022:7256,98:98,10/04/18 07:27:56,STABLE BEAMS,6500,265370.212,258970.168,31.8,HFOC
324022:7256,99:99,10/04/18 07:28:20,STABLE BEAMS,6500,265186.143,258819.604,31.8,HFOC
324022:7256,100:100,10/04/18 07:28:43,STABLE BEAMS,6500,264992.931,258592.035,31.8,HFOC
324022:7256,101:101,10/04/18 07:29:06,STABLE BEAMS,6500,264796.192,258409.017,31.8,HFOC
324022:7256,102:102,10/04/18 07:29:30,STABLE BEAMS,6500,264628.411,258262.637,31.8,HFOC
324022:7256,103:103,10/04/18 07:29:53,STABLE BEAMS,6500,264391.926,257679.930,31.7,HFOC
324022:7256,104:104,10/04/18 07:30:16,STABLE BEAMS,6500,264173.063,257877.508,31.7,HFOC
324022:7256,105:105,10/04/18 07:30:39,STABLE BEAMS,6500,264052.419,257752.590,31.7,HFOC
324022:7256,106:106,10/04/18 07:31:03,STABLE BEAMS,6500,263935.835,257238.091,31.7,HFOC
324022:7256,107:107,10/04/18 07:31:26,STABLE BEAMS,6500,263789.938,257492.337,31.7,HFOC
324022:7256,108:108,10/04/18 07:31:49,STABLE BEAMS,6500,263646.637,257323.759,31.6,HFOC
324022:7256,109:109,10/04/18 07:32:13,STABLE BEAMS,6500,263468.057,257123.267,31.6,HFOC
324022:7256,110:110,10/04/18 07:32:36,STABLE BEAMS,6500,263290.011,256961.008,31.6,HFOC
324022:7256,111:111,10/04/18 07:32:59,STABLE BEAMS,6500,263058.976,256776.162,31.6,HFOC
324022:7256,112:112,10/04/18 07:33:23,STABLE BEAMS,6500,262971.961,256672.567,31.6,HFOC
324022:7256,113:113,10/04/18 07:33:46,STABLE BEAMS,6500,262843.949,256580.353,31.5,HFOC
324022:7256,114:114,10/04/18 07:34:09,STABLE BEAMS,6500,262677.227,256406.162,31.5,HFOC
324022:7256,115:115,10/04/18 07:34:33,STABLE BEAMS,6500,262610.688,256342.020,31.5,HFOC
324022:7256,116:116,10/04/18 07:34:56,STABLE BEAMS,6500,262513.429,252596.000,31.5,HFOC
324022:7256,117:117,10/04/18 07:35:19,STABLE BEAMS,6500,262249.228,256030.184,31.5,HFOC
324022:7256,118:118,10/04/18 07:35:42,STABLE BEAMS,6500,261940.996,255697.476,31.4,HFOC
324022:7256,119:119,10/04/18 07:36:06,STABLE BEAMS,6500,261585.918,255356.973,31.4,HFOC
324022:7256,120:120,10/04/18 07:36:29,STABLE BEAMS,6500,261392.222,255210.628,31.4,HFOC
324022:7256,121:121,10/04/18 07:36:52,STABLE BEAMS,6500,261220.276,255018.634,31.3,HFOC
324022:7256,122:122,10/04/18 07:37:16,STABLE BEAMS,6500,261078.994,254873.322,31.3,HFOC
324022:7256,123:123,10/04/18 07:37:39,STABLE BEAMS,6500,260911.142,254749.907,31.3,HFOC
324022:7256,124:124,10/04/18 07:38:02,STABLE BEAMS,6500,260741.863,250892.617,31.3,HFOC
324022:7256,125:125,10/04/18 07:38:26,STABLE BEAMS,6500,260641.002,254419.817,31.3,HFOC
324022:7256,126:126,10/04/18 07:38:49,STABLE BEAMS,6500,260589.695,254321.603,31.3,HFOC
324022:7256,127:127,10/04/18 07:39:12,STABLE BEAMS,6500,260572.715,254414.694,31.3,HFOC
324022:7256,128:128,10/04/18 07:39:36,STABLE BEAMS,6500,260417.252,254229.602,31.3,HFOC
324022:7256,129:129,10/04/18 07:39:59,STABLE BEAMS,6500,260270.893,254110.511,31.2,HFOC
324022:7256,130:130,10/04/18 07:40:22,STABLE BEAMS,6500,260075.013,253862.122,31.2,HFOC
324022:7256,131:131,10/04/18 07:40:46,STABLE BEAMS,6500,259965.808,253774.173,31.2,HFOC
324022:7256,132:132,10/04/18 07:41:09,STABLE BEAMS,6500,259761.045,253604.457,31.2,HFOC
324022:7256,133:133,10/04/18 07:41:32,STABLE BEAMS,6500,259624.996,249864.878,31.2,HFOC
324022:7256,134:134,10/04/18 07:41:55,STABLE BEAMS,6500,259494.432,253398.341,31.1,HFOC
324022:7256,135:135,10/04/18 07:42:19,STABLE BEAMS,6500,259225.770,253103.633,31.1,HFOC
324022:7256,136:136,10/04/18 07:42:42,STABLE BEAMS,6500,259004.083,252867.441,31.1,HFOC
324022:7256,137:137,10/04/18 07:43:05,STABLE BEAMS,6500,258679.332,252586.931,31.0,HFOC
324022:7256,138:138,10/04/18 07:43:29,STABLE BEAMS,6500,258558.806,252500.485,31.0,HFOC
324022:7256,139:139,10/04/18 07:43:52,STABLE BEAMS,6500,258376.791,252302.457,31.0,HFOC
324022:7256,140:140,10/04/18 07:44:15,STABLE BEAMS,6500,258140.544,252080.882,31.0,HFOC
324022:7256,141:141,10/04/18 07:44:39,STABLE BEAMS,6500,257981.726,251967.491,31.0,HFOC
324022:7256,142:142,10/04/18 07:45:02,STABLE BEAMS,6500,257887.189,251865.439,30.9,HFOC
324022:7256,143:143,10/04/18 07:45:25,STABLE BEAMS,6500,257867.931,251856.645,30.9,HFOC
324022:7256,144:144,10/04/18 07:45:49,STABLE BEAMS,6500,257743.524,251715.091,30.9,HFOC
324022:7256,145:145,10/04/18 07:46:12,STABLE BEAMS,6500,257334.795,251337.620,30.9,HFOC
324022:7256,146:146,10/04/18 07:46:35,STABLE BEAMS,6500,257985.713,251935.898,31.0,HFOC
324022:7256,147:147,10/04/18 07:46:58,STABLE BEAMS,6500,258452.914,252389.440,31.0,HFOC
324022:7256,148:148,10/04/18 07:47:22,STABLE BEAMS,6500,257905.138,251877.345,31.0,HFOC
324022:7256,149:149,10/04/18 07:47:45,STABLE BEAMS,6500,257846.035,251802.358,30.9,HFOC
324022:7256,150:150,10/04/18 07:48:08,STABLE BEAMS,6500,257764.554,251694.598,30.9,HFOC
324022:7256,151:151,10/04/18 07:48:32,STABLE BEAMS,6500,257542.677,251542.079,30.9,HFOC
324022:7256,152:152,10/04/18 07:48:55,STABLE BEAMS,6500,257387.026,251403.848,30.9,HFOC
324022:7256,153:153,10/04/18 07:49:18,STABLE BEAMS,6500,257123.423,247481.944,30.9,HFOC
324022:7256,154:154,10/04/18 07:49:42,STABLE BEAMS,6500,256936.102,250949.218,30.8,HFOC
324022:7256,155:155,10/04/18 07:50:05,STABLE BEAMS,6500,256799.354,240048.589,30.8,HFOC
324022:7256,156:156,10/04/18 07:50:28,STABLE BEAMS,6500,256491.915,250521.526,30.8,HFOC
324022:7256,157:157,10/04/18 07:50:52,STABLE BEAMS,6500,256382.184,246678.332,30.8,HFOC
324022:7256,158:158,10/04/18 07:51:15,STABLE BEAMS,6500,256200.896,148598.554,30.7,HFOC
324022:7256,159:159,10/04/18 07:51:38,STABLE BEAMS,6500,256078.333,250174.842,30.7,HFOC
324022:7256,160:160,10/04/18 07:52:02,STABLE BEAMS,6500,255870.976,249909.775,30.7,HFOC
324022:7256,161:161,10/04/18 07:52:25,STABLE BEAMS,6500,255934.291,249989.377,30.7,HFOC
324022:7256,162:162,10/04/18 07:52:48,STABLE BEAMS,6500,255663.768,249383.861,30.7,HFOC
324022:7256,163:163,10/04/18 07:53:11,STABLE BEAMS,6500,255712.349,249784.026,30.7,HFOC
324022:7256,164:164,10/04/18 07:53:35,STABLE BEAMS,6500,255499.166,249588.020,30.7,HFOC
324022:7256,165:165,10/04/18 07:53:58,STABLE BEAMS,6500,255379.733,249478.114,30.6,HFOC
324022:7256,166:166,10/04/18 07:54:21,STABLE BEAMS,6500,255175.038,249294.392,30.6,HFOC
324022:7256,167:167,10/04/18 07:54:45,STABLE BEAMS,6500,254965.733,249073.984,30.6,HFOC
324022:7256,168:168,10/04/18 07:55:08,STABLE BEAMS,6500,253459.462,247601.806,30.4,HFOC
324022:7256,169:169,10/04/18 07:55:31,STABLE BEAMS,6500,246778.743,241262.613,29.6,HFOC
324022:7256,170:170,10/04/18 07:55:55,STABLE BEAMS,6500,248912.937,243255.777,29.9,HFOC
324022:7256,171:171,10/04/18 07:56:18,STABLE BEAMS,6500,234066.056,229065.107,28.1,HFOC
324022:7256,172:172,10/04/18 07:56:41,STABLE BEAMS,6500,245528.385,233141.261,29.5,HFOC
324022:7256,173:173,10/04/18 07:57:05,STABLE BEAMS,6500,252928.547,247160.620,30.4,HFOC
324022:7256,174:174,10/04/18 07:57:28,STABLE BEAMS,6500,253654.043,247837.242,30.4,HFOC
324022:7256,175:175,10/04/18 07:57:51,STABLE BEAMS,6500,253464.876,247666.935,30.4,HFOC
324022:7256,176:176,10/04/18 07:58:15,STABLE BEAMS,6500,253982.157,246876.143,30.5,HFOC
324022:7256,177:177,10/04/18 07:58:38,STABLE BEAMS,6500,254194.722,246915.190,30.5,HFOC
324022:7256,178:178,10/04/18 07:59:01,STABLE BEAMS,6500,254029.861,246829.724,30.5,HFOC
324022:7256,179:179,10/04/18 07:59:24,STABLE BEAMS,6500,253879.023,246730.221,30.5,HFOC
324022:7256,180:180,10/04/18 07:59:48,STABLE BEAMS,6500,253808.796,246651.307,30.5,HFOC
324022:7256,181:181,10/04/18 08:00:11,STABLE BEAMS,6500,253708.049,243111.958,30.4,HFOC
324022:7256,182:182,10/04/18 08:00:34,STABLE BEAMS,6500,253433.701,246316.267,30.4,HFOC
324022:7256,183:183,10/04/18 08:00:58,STABLE BEAMS,6500,253287.863,246202.607,30.4,HFOC
324022:7256,184:184,10/04/18 08:01:21,STABLE BEAMS,6500,253160.482,246088.605,30.4,HFOC
324022:7256,185:185,10/04/18 08:01:44,STABLE BEAMS,6500,253016.296,245914.691,30.4,HFOC
324022:7256,186:186,10/04/18 08:02:08,STABLE BEAMS,6500,252934.019,245901.354,30.4,HFOC
324022:7256,187:187,10/04/18 08:02:31,STABLE BEAMS,6500,252659.108,245597.904,30.3,HFOC
324022:7256,188:188,10/04/18 08:02:54,STABLE BEAMS,6500,252531.043,245483.581,30.3,HFOC
324022:7256,189:189,10/04/18 08:03:18,STABLE BEAMS,6500,252433.461,245346.893,30.3,HFOC
324022:7256,190:190,10/04/18 08:03:41,STABLE BEAMS,6500,252142.790,238139.346,30.3,HFOC
324022:7256,191:191,10/04/18 08:04:04,STABLE BEAMS,6500,251653.673,244681.795,30.2,HFOC
324022:7256,192:192,10/04/18 08:04:28,STABLE BEAMS,6500,251772.211,244753.483,30.2,HFOC
324022:7256,193:193,10/04/18 08:04:51,STABLE BEAMS,6500,251660.437,244673.393,30.2,HFOC
324022:7256,194:194,10/04/18 08:05:14,STABLE BEAMS,6500,251471.478,244517.228,30.2,HFOC
324022:7256,195:195,10/04/18 08:05:37,STABLE BEAMS,6500,251374.444,244390.083,30.2,HFOC
324022:7256,196:196,10/04/18 08:06:01,STABLE BEAMS,6500,251164.086,244254.580,30.1,HFOC
324022:7256,197:197,10/04/18 08:06:24,STABLE BEAMS,6500,251158.439,244146.617,30.1,HFOC
324022:7256,198:198,10/04/18 08:06:47,STABLE BEAMS,6500,250916.834,240490.041,30.1,HFOC
324022:7256,199:199,10/04/18 08:07:11,STABLE BEAMS,6500,250855.488,243968.128,30.1,HFOC
324022:7256,200:200,10/04/18 08:07:34,STABLE BEAMS,6500,251336.323,244295.208,30.2,HFOC
324022:7256,201:201,10/04/18 08:07:57,STABLE BEAMS,6500,251077.571,244147.662,30.1,HFOC
324022:7256,202:202,10/04/18 08:08:21,STABLE BEAMS,6500,250888.541,244002.582,30.1,HFOC
324022:7256,203:203,10/04/18 08:08:44,STABLE BEAMS,6500,250681.873,243784.090,30.1,HFOC
324022:7256,204:204,10/04/18 08:09:07,STABLE BEAMS,6500,250478.148,243184.246,30.1,HFOC
324022:7256,205:205,10/04/18 08:09:31,STABLE BEAMS,6500,250359.130,243475.180,30.0,HFOC
324022:7256,206:206,10/04/18 08:09:54,STABLE BEAMS,6500,250196.627,243350.558,30.0,HFOC
324022:7256,207:207,10/04/18 08:10:17,STABLE BEAMS,6500,250123.344,243221.890,30.0,HFOC
324022:7256,208:208,10/04/18 08:10:40,STABLE BEAMS,6500,249903.416,243015.740,30.0,HFOC
324022:7256,209:209,10/04/18 08:11:04,STABLE BEAMS,6500,249743.468,242931.281,30.0,HFOC
324022:7256,210:210,10/04/18 08:11:27,STABLE BEAMS,6500,249529.563,242713.641,29.9,HFOC
324022:7256,211:211,10/04/18 08:11:50,STABLE BEAMS,6500,249375.160,242505.299,29.9,HFOC
324022:7256,212:212,10/04/18 08:12:14,STABLE BEAMS,6500,249266.652,242453.121,29.9,HFOC
324022:7256,213:213,10/04/18 08:12:37,STABLE BEAMS,6500,249161.246,235428.143,29.9,HFOC
324022:7256,214:214,10/04/18 08:13:00,STABLE BEAMS,6500,248971.984,242168.196,29.9,HFOC
324022:7256,215:215,10/04/18 08:13:24,STABLE BEAMS,6500,248828.443,241965.494,29.9,HFOC
324022:7256,216:216,10/04/18 08:13:47,STABLE BEAMS,6500,248701.499,241945.414,29.8,HFOC
324022:7256,217:217,10/04/18 08:14:10,STABLE BEAMS,6500,248509.373,241778.889,29.8,HFOC
324022:7256,218:218,10/04/18 08:14:34,STABLE BEAMS,6500,248286.956,241459.099,29.8,HFOC
324022:7256,219:219,10/04/18 08:14:57,STABLE BEAMS,6500,248114.660,241393.851,29.8,HFOC
324022:7256,220:220,10/04/18 08:15:20,STABLE BEAMS,6500,247920.844,241200.440,29.8,HFOC
324022:7256,221:221,10/04/18 08:15:44,STABLE BEAMS,6500,247767.454,237609.293,29.7,HFOC
324022:7256,222:222,10/04/18 08:16:07,STABLE BEAMS,6500,247612.539,240867.085,29.7,HFOC
324022:7256,223:223,10/04/18 08:16:30,STABLE BEAMS,6500,247541.972,240777.763,29.7,HFOC
324022:7256,224:224,10/04/18 08:16:53,STABLE BEAMS,6500,247367.521,240658.158,29.7,HFOC
324022:7256,225:225,10/04/18 08:17:17,STABLE BEAMS,6500,247281.394,240615.228,29.7,HFOC
324022:7256,226:226,10/04/18 08:17:40,STABLE BEAMS,6500,247083.491,240406.852,29.7,HFOC
324022:7256,227:227,10/04/18 08:18:03,STABLE BEAMS,6500,246983.921,240310.759,29.6,HFOC
324022:7256,228:228,10/04/18 08:18:27,STABLE BEAMS,6500,246863.121,240211.470,29.6,HFOC
324022:7256,229:229,10/04/18 08:18:50,STABLE BEAMS,6500,246746.368,240098.721,29.6,HFOC
324022:7256,230:230,10/04/18 08:19:13,STABLE BEAMS,6500,246620.995,236550.848,29.6,HFOC
324022:7256,231:231,10/04/18 08:19:37,STABLE BEAMS,6500,246469.067,239834.859,29.6,HFOC
324022:7256,232:232,10/04/18 08:20:00,STABLE BEAMS,6500,246339.120,239725.567,29.6,HFOC
324022:7256,233:233,10/04/18 08:20:23,STABLE BEAMS,6500,246156.913,239187.708,29.5,HFOC
324022:7256,234:234,10/04/18 08:20:47,STABLE BEAMS,6500,245991.941,229147.163,29.5,HFOC
324022:7256,235:235,10/04/18 08:21:10,STABLE BEAMS,6500,245742.868,239137.997,29.5,HFOC
324022:7256,236:236,10/04/18 08:21:33,STABLE BEAMS,6500,245510.721,235196.046,29.5,HFOC
324022:7256,237:237,10/04/18 08:21:57,STABLE BEAMS,6500,245359.931,238786.876,29.4,HFOC
324022:7256,238:238,10/04/18 08:22:20,STABLE BEAMS,6500,245156.682,238528.095,29.4,HFOC
324022:7256,239:239,10/04/18 08:22:43,STABLE BEAMS,6500,245021.991,238505.408,29.4,HFOC
324022:7256,240:240,10/04/18 08:23:06,STABLE BEAMS,6500,244807.953,238288.118,29.4,HFOC
324022:7256,241:241,10/04/18 08:23:30,STABLE BEAMS,6500,244681.627,238042.994,29.4,HFOC
324022:7256,242:242,10/04/18 08:23:53,STABLE BEAMS,6500,244554.913,238012.330,29.3,HFOC
324022:7256,243:243,10/04/18 08:24:16,STABLE BEAMS,6500,244426.152,237922.762,29.3,HFOC
324022:7256,244:244,10/04/18 08:24:40,STABLE BEAMS,6500,244251.505,237732.227,29.3,HFOC
324022:7256,245:245,10/04/18 08:25:03,STABLE BEAMS,6500,244084.743,234178.534,29.3,HFOC
324022:7256,246:246,10/04/18 08:25:26,STABLE BEAMS,6500,243857.818,237359.434,29.3,HFOC
324022:7256,247:247,10/04/18 08:25:50,STABLE BEAMS,6500,243693.749,233764.661,29.2,HFOC
324022:7256,248:248,10/04/18 08:26:13,STABLE BEAMS,6500,243678.704,237234.614,29.2,HFOC
324022:7256,249:249,10/04/18 08:26:36,STABLE BEAMS,6500,243767.779,237209.336,29.3,HFOC
324022:7256,250:250,10/04/18 08:27:00,STABLE BEAMS,6500,244085.013,237524.205,29.3,HFOC
324022:7256,251:251,10/04/18 08:27:23,STABLE BEAMS,6500,243705.361,237230.065,29.2,HFOC
324022:7256,252:252,10/04/18 08:27:46,STABLE BEAMS,6500,243951.077,237448.415,29.3,HFOC
324022:7256,253:253,10/04/18 08:28:09,STABLE BEAMS,6500,243589.879,237109.889,29.2,HFOC
324022:7256,254:254,10/04/18 08:28:33,STABLE BEAMS,6500,243342.667,236843.581,29.2,HFOC
324022:7256,255:255,10/04/18 08:28:56,STABLE BEAMS,6500,243126.564,236621.961,29.2,HFOC
324022:7256,256:256,10/04/18 08:29:19,STABLE BEAMS,6500,243204.303,233209.952,29.2,HFOC
324022:7256,257:257,10/04/18 08:29:43,STABLE BEAMS,6500,242701.692,236280.289,29.1,HFOC
324022:7256,258:258,10/04/18 08:30:06,STABLE BEAMS,6500,242547.344,236167.477,29.1,HFOC
324022:7256,259:259,10/04/18 08:30:29,STABLE BEAMS,6500,242605.815,236196.898,29.1,HFOC
324022:7256,260:260,10/04/18 08:30:53,STABLE BEAMS,6500,242415.506,235869.203,29.1,HFOC
324022:7256,261:261,10/04/18 08:31:16,STABLE BEAMS,6500,242314.302,235926.818,29.1,HFOC
324022:7256,262:262,10/04/18 08:31:39,STABLE BEAMS,6500,242126.900,235778.010,29.1,HFOC
324022:7256,263:263,10/04/18 08:32:03,STABLE BEAMS,6500,242064.085,235693.903,29.0,HFOC
324022:7256,264:264,10/04/18 08:32:26,STABLE BEAMS,6500,242014.407,235577.492,29.0,HFOC
324022:7256,265:265,10/04/18 08:32:49,STABLE BEAMS,6500,241800.722,232105.789,29.0,HFOC
324022:7256,266:266,10/04/18 08:33:13,STABLE BEAMS,6500,241599.707,235273.390,29.0,HFOC
324022:7256,267:267,10/04/18 08:33:36,STABLE BEAMS,6500,241503.317,231754.931,29.0,HFOC
324022:7256,268:268,10/04/18 08:33:59,STABLE BEAMS,6500,241351.746,235044.900,29.0,HFOC
324022:7256,269:269,10/04/18 08:34:22,STABLE BEAMS,6500,241207.118,234869.040,28.9,HFOC
324022:7256,270:270,10/04/18 08:34:46,STABLE BEAMS,6500,241045.779,234752.566,28.9,HFOC
324022:7256,271:271,10/04/18 08:35:09,STABLE BEAMS,6500,240748.658,234413.362,28.9,HFOC
324022:7256,272:272,10/04/18 08:35:32,STABLE BEAMS,6500,240604.117,234269.750,28.9,HFOC
324022:7256,273:273,10/04/18 08:35:56,STABLE BEAMS,6500,240371.584,234083.564,28.8,HFOC
324022:7256,274:274,10/04/18 08:36:19,STABLE BEAMS,6500,240167.256,233904.555,28.8,HFOC
324022:7256,275:275,10/04/18 08:36:42,STABLE BEAMS,6500,240007.500,233739.376,28.8,HFOC
324022:7256,276:276,10/04/18 08:37:06,STABLE BEAMS,6500,239909.086,230341.739,28.8,HFOC
324022:7256,277:277,10/04/18 08:37:29,STABLE BEAMS,6500,239660.017,233446.329,28.8,HFOC
324022:7256,278:278,10/04/18 08:37:52,STABLE BEAMS,6500,239484.736,233260.225,28.7,HFOC
324022:7256,279:279,10/04/18 08:38:16,STABLE BEAMS,6500,239259.912,229740.943,28.7,HFOC
324022:7256,280:280,10/04/18 08:38:39,STABLE BEAMS,6500,239444.499,233085.564,28.7,HFOC
324022:7256,281:281,10/04/18 08:39:02,STABLE BEAMS,6500,239411.886,233182.517,28.7,HFOC
324022:7256,282:282,10/04/18 08:39:26,STABLE BEAMS,6500,239236.040,232963.206,28.7,HFOC
324022:7256,283:283,10/04/18 08:39:49,STABLE BEAMS,6500,239074.955,232847.627,28.7,HFOC
324022:7256,284:284,10/04/18 08:40:12,STABLE BEAMS,6500,238815.672,232589.496,28.7,HFOC
324022:7256,285:285,10/04/18 08:40:35,STABLE BEAMS,6500,238715.681,232510.264,28.6,HFOC
324022:7256,286:286,10/04/18 08:40:59,STABLE BEAMS,6500,238630.609,232462.011,28.6,HFOC
324022:7256,287:287,10/04/18 08:41:22,STABLE BEAMS,6500,238502.921,232292.406,28.6,HFOC
324022:7256,288:288,10/04/18 08:41:45,STABLE BEAMS,6500,238447.607,228915.217,28.6,HFOC
324022:7256,289:289,10/04/18 08:42:09,STABLE BEAMS,6500,238361.006,232197.603,28.6,HFOC
324022:7256,290:290,10/04/18 08:42:32,STABLE BEAMS,6500,238162.520,231997.709,28.6,HFOC
324022:7256,291:291,10/04/18 08:42:55,STABLE BEAMS,6500,237986.978,231838.276,28.6,HFOC
324022:7256,292:292,10/04/18 08:43:19,STABLE BEAMS,6500,237847.410,231681.568,28.5,HFOC
324022:7256,293:293,10/04/18 08:43:42,STABLE BEAMS,6500,237685.663,231533.584,28.5,HFOC
324022:7256,294:294,10/04/18 08:44:05,STABLE BEAMS,6500,237457.088,231285.579,28.5,HFOC
324022:7256,295:295,10/04/18 08:44:29,STABLE BEAMS,6500,237350.095,231141.408,28.5,HFOC
324022:7256,296:296,10/04/18 08:44:52,STABLE BEAMS,6500,237169.923,230748.401,28.5,HFOC
324022:7256,297:297,10/04/18 08:45:15,STABLE BEAMS,6500,237118.983,230942.920,28.5,HFOC
324022:7256,298:298,10/04/18 08:45:38,STABLE BEAMS,6500,236981.544,230904.500,28.4,HFOC
324022:7256,299:299,10/04/18 08:46:02,STABLE BEAMS,6500,236982.008,230848.476,28.4,HFOC
324022:7256,300:300,10/04/18 08:46:25,STABLE BEAMS,6500,237346.215,231274.645,28.5,HFOC
324022:7256,301:301,10/04/18 08:46:48,STABLE BEAMS,6500,237109.273,231026.688,28.5,HFOC
324022:7256,302:302,10/04/18 08:47:12,STABLE BEAMS,6500,237032.177,230955.935,28.4,HFOC
324022:7256,303:303,10/04/18 08:47:35,STABLE BEAMS,6500,236899.428,230829.762,28.4,HFOC
324022:7256,304:304,10/04/18 08:47:58,STABLE BEAMS,6500,236697.858,230526.677,28.4,HFOC
324022:7256,305:305,10/04/18 08:48:22,STABLE BEAMS,6500,236540.028,223896.719,28.4,HFOC
324022:7256,306:306,10/04/18 08:48:45,STABLE BEAMS,6500,236386.616,230350.784,28.4,HFOC
324022:7256,307:307,10/04/18 08:49:08,STABLE BEAMS,6500,236050.478,229961.277,28.3,HFOC
324022:7256,308:308,10/04/18 08:49:32,STABLE BEAMS,6500,236137.216,230060.786,28.3,HFOC
324022:7256,309:309,10/04/18 08:49:55,STABLE BEAMS,6500,235991.558,229966.490,28.3,HFOC
324022:7256,310:310,10/04/18 08:50:18,STABLE BEAMS,6500,235827.383,222887.145,28.3,HFOC
324022:7256,311:311,10/04/18 08:50:42,STABLE BEAMS,6500,235657.162,229632.310,28.3,HFOC
324022:7256,312:312,10/04/18 08:51:05,STABLE BEAMS,6500,235512.519,229494.251,28.3,HFOC
324022:7256,313:313,10/04/18 08:51:28,STABLE BEAMS,6500,235459.870,229459.992,28.3,HFOC
324022:7256,314:314,10/04/18 08:51:51,STABLE BEAMS,6500,235108.830,136642.100,28.2,HFOC
324022:7256,315:315,10/04/18 08:52:15,STABLE BEAMS,6500,234962.209,225666.484,28.2,HFOC
324022:7256,316:316,10/04/18 08:52:38,STABLE BEAMS,6500,234774.266,228812.052,28.2,HFOC
324022:7256,317:317,10/04/18 08:53:01,STABLE BEAMS,6500,234635.246,225389.877,28.2,HFOC
324022:7256,318:318,10/04/18 08:53:25,STABLE BEAMS,6500,234468.324,228493.146,28.1,HFOC
324022:7256,319:319,10/04/18 08:53:48,STABLE BEAMS,6500,234334.185,228348.341,28.1,HFOC
324022:7256,320:320,10/04/18 08:54:11,STABLE BEAMS,6500,234269.326,228359.262,28.1,HFOC
324022:7256,321:321,10/04/18 08:54:35,STABLE BEAMS,6500,234116.994,228162.046,28.1,HFOC
324022:7256,322:322,10/04/18 08:54:58,STABLE BEAMS,6500,233962.189,228048.298,28.1,HFOC
324022:7256,323:323,10/04/18 08:55:21,STABLE BEAMS,6500,233839.686,227941.040,28.1,HFOC
324022:7256,324:324,10/04/18 08:55:45,STABLE BEAMS,6500,233680.087,227712.287,28.0,HFOC
324022:7256,325:325,10/04/18 08:56:08,STABLE BEAMS,6500,233517.298,227608.343,28.0,HFOC
324022:7256,326:326,10/04/18 08:56:31,STABLE BEAMS,6500,233447.257,224320.136,28.0,HFOC
324022:7256,327:327,10/04/18 08:56:54,STABLE BEAMS,6500,233291.977,227405.530,28.0,HFOC
324022:7256,328:328,10/04/18 08:57:18,STABLE BEAMS,6500,233127.810,227211.688,28.0,HFOC
324022:7256,329:329,10/04/18 08:57:41,STABLE BEAMS,6500,233020.958,227106.879,28.0,HFOC
324022:7256,330:330,10/04/18 08:58:04,STABLE BEAMS,6500,232854.295,226998.520,27.9,HFOC
324022:7256,331:331,10/04/18 08:58:28,STABLE BEAMS,6500,232677.431,226831.876,27.9,HFOC
324022:7256,332:332,10/04/18 08:58:51,STABLE BEAMS,6500,232455.488,226625.300,27.9,HFOC
324022:7256,333:333,10/04/18 08:59:14,STABLE BEAMS,6500,232270.428,226402.855,27.9,HFOC
324022:7256,334:334,10/04/18 08:59:38,STABLE BEAMS,6500,232153.773,226340.640,27.9,HFOC
324022:7256,335:335,10/04/18 09:00:01,STABLE BEAMS,6500,232069.739,226200.643,27.8,HFOC
324022:7256,336:336,10/04/18 09:00:24,STABLE BEAMS,6500,231968.649,222890.877,27.8,HFOC
324022:7256,337:337,10/04/18 09:00:48,STABLE BEAMS,6500,231777.166,225957.589,27.8,HFOC
324022:7256,338:338,10/04/18 09:01:11,STABLE BEAMS,6500,231605.980,225760.831,27.8,HFOC
324022:7256,339:339,10/04/18 09:01:34,STABLE BEAMS,6500,231441.029,225664.853,27.8,HFOC
324022:7256,340:340,10/04/18 09:01:58,STABLE BEAMS,6500,231310.437,225518.575,27.8,HFOC
324022:7256,341:341,10/04/18 09:02:21,STABLE BEAMS,6500,231218.166,225458.055,27.7,HFOC
324022:7256,342:342,10/04/18 09:02:44,STABLE BEAMS,6500,231104.955,225356.822,27.7,HFOC
324022:7256,343:343,10/04/18 09:03:07,STABLE BEAMS,6500,231011.195,225223.298,27.7,HFOC
324022:7256,344:344,10/04/18 09:03:31,STABLE BEAMS,6500,230923.383,225155.494,27.7,HFOC
324022:7256,345:345,10/04/18 09:03:54,STABLE BEAMS,6500,230890.410,221852.422,27.7,HFOC
324022:7256,346:346,10/04/18 09:04:17,STABLE BEAMS,6500,230705.665,224953.628,27.7,HFOC
324022:7256,347:347,10/04/18 09:04:41,STABLE BEAMS,6500,230571.392,224848.505,27.7,HFOC
324022:7256,348:348,10/04/18 09:05:04,STABLE BEAMS,6500,230384.110,224614.677,27.6,HFOC
324022:7256,349:349,10/04/18 09:05:27,STABLE BEAMS,6500,230115.476,224394.443,27.6,HFOC
324022:7256,350:350,10/04/18 09:05:51,STABLE BEAMS,6500,229920.939,224154.170,27.6,HFOC
324022:7256,351:351,10/04/18 09:06:14,STABLE BEAMS,6500,229748.577,224018.015,27.6,HFOC
324022:7256,352:352,10/04/18 09:06:37,STABLE BEAMS,6500,230221.590,224497.172,27.6,HFOC
324022:7256,353:353,10/04/18 09:07:01,STABLE BEAMS,6500,230297.567,224574.740,27.6,HFOC
324022:7256,354:354,10/04/18 09:07:24,STABLE BEAMS,6500,230145.960,221199.119,27.6,HFOC
324022:7256,355:355,10/04/18 09:07:47,STABLE BEAMS,6500,230027.655,224301.531,27.6,HFOC
324022:7256,356:356,10/04/18 09:08:10,STABLE BEAMS,6500,229916.902,224206.736,27.6,HFOC
324022:7256,357:357,10/04/18 09:08:34,STABLE BEAMS,6500,229731.577,224016.692,27.6,HFOC
324022:7256,358:358,10/04/18 09:08:57,STABLE BEAMS,6500,229543.214,223858.097,27.5,HFOC
324022:7256,359:359,10/04/18 09:09:20,STABLE BEAMS,6500,229418.681,220513.982,27.5,HFOC
324022:7256,360:360,10/04/18 09:09:44,STABLE BEAMS,6500,229323.241,223614.895,27.5,HFOC
324022:7256,361:361,10/04/18 09:10:07,STABLE BEAMS,6500,229154.944,223472.304,27.5,HFOC
324022:7256,362:362,10/04/18 09:10:30,STABLE BEAMS,6500,229020.358,223312.193,27.5,HFOC
324022:7256,363:363,10/04/18 09:10:54,STABLE BEAMS,6500,228872.593,223202.324,27.5,HFOC
324022:7256,364:364,10/04/18 09:11:17,STABLE BEAMS,6500,228648.314,223006.038,27.4,HFOC
324022:7256,365:365,10/04/18 09:11:40,STABLE BEAMS,6500,228500.157,222853.529,27.4,HFOC
324022:7256,366:366,10/04/18 09:12:04,STABLE BEAMS,6500,228308.638,222660.500,27.4,HFOC
324022:7256,367:367,10/04/18 09:12:27,STABLE BEAMS,6500,228164.610,222538.596,27.4,HFOC
324022:7256,368:368,10/04/18 09:12:50,STABLE BEAMS,6500,227998.340,222284.550,27.4,HFOC
324022:7256,369:369,10/04/18 09:13:14,STABLE BEAMS,6500,227883.175,222283.608,27.3,HFOC
324022:7256,370:370,10/04/18 09:13:37,STABLE BEAMS,6500,227751.643,222135.025,27.3,HFOC
324022:7256,371:371,10/04/18 09:14:00,STABLE BEAMS,6500,227652.977,222062.798,27.3,HFOC
324022:7256,372:372,10/04/18 09:14:23,STABLE BEAMS,6500,227560.649,221960.911,27.3,HFOC
324022:7256,373:373,10/04/18 09:14:47,STABLE BEAMS,6500,227419.315,221805.966,27.3,HFOC
324022:7256,374:374,10/04/18 09:15:10,STABLE BEAMS,6500,227287.253,221683.515,27.3,HFOC
324022:7256,375:375,10/04/18 09:15:33,STABLE BEAMS,6500,227090.453,221524.796,27.3,HFOC
324022:7256,376:376,10/04/18 09:15:57,STABLE BEAMS,6500,226943.777,221370.571,27.2,HFOC
324022:7256,377:377,10/04/18 09:16:20,STABLE BEAMS,6500,226819.555,221219.551,27.2,HFOC
324022:7256,378:378,10/04/18 09:16:43,STABLE BEAMS,6500,226691.659,217971.319,27.2,HFOC
324022:7256,379:379,10/04/18 09:17:07,STABLE BEAMS,6500,226556.766,220993.720,27.2,HFOC
324022:7256,380:380,10/04/18 09:17:30,STABLE BEAMS,6500,226466.320,220894.283,27.2,HFOC
324022:7256,381:381,10/04/18 09:17:53,STABLE BEAMS,6500,226361.688,220811.608,27.2,HFOC
324022:7256,382:382,10/04/18 09:18:17,STABLE BEAMS,6500,226209.666,220671.041,27.1,HFOC
324022:7256,383:383,10/04/18 09:18:40,STABLE BEAMS,6500,226015.818,220464.814,27.1,HFOC
324022:7256,384:384,10/04/18 09:19:03,STABLE BEAMS,6500,225832.905,220306.797,27.1,HFOC
324022:7256,385:385,10/04/18 09:19:27,STABLE BEAMS,6500,225651.380,220150.087,27.1,HFOC
324022:7256,386:386,10/04/18 09:19:50,STABLE BEAMS,6500,225476.191,219984.390,27.1,HFOC
324022:7256,387:387,10/04/18 09:20:13,STABLE BEAMS,6500,225374.775,216733.538,27.0,HFOC
324022:7256,388:388,10/04/18 09:20:36,STABLE BEAMS,6500,225251.073,213469.035,27.0,HFOC
324022:7256,389:389,10/04/18 09:21:00,STABLE BEAMS,6500,225082.602,219423.913,27.0,HFOC
324022:7256,390:390,10/04/18 09:21:23,STABLE BEAMS,6500,224996.955,216383.105,27.0,HFOC
324022:7256,391:391,10/04/18 09:21:46,STABLE BEAMS,6500,224894.142,219438.472,27.0,HFOC
324022:7256,392:392,10/04/18 09:22:10,STABLE BEAMS,6500,224806.250,219237.257,27.0,HFOC
324022:7256,393:393,10/04/18 09:22:33,STABLE BEAMS,6500,224609.917,219170.493,27.0,HFOC
324022:7256,394:394,10/04/18 09:22:56,STABLE BEAMS,6500,224531.688,219081.915,26.9,HFOC
324022:7256,395:395,10/04/18 09:23:20,STABLE BEAMS,6500,224439.617,218677.193,26.9,HFOC
324022:7256,396:396,10/04/18 09:23:43,STABLE BEAMS,6500,224376.523,218921.029,26.9,HFOC
324022:7256,397:397,10/04/18 09:24:06,STABLE BEAMS,6500,224832.519,219362.660,27.0,HFOC
324022:7256,398:398,10/04/18 09:24:30,STABLE BEAMS,6500,224744.318,219284.900,27.0,HFOC
324022:7256,399:399,10/04/18 09:24:53,STABLE BEAMS,6500,224303.917,215484.678,26.9,HFOC
324022:7256,400:400,10/04/18 09:25:16,STABLE BEAMS,6500,224076.062,218662.846,26.9,HFOC
324022:7256,401:401,10/04/18 09:25:39,STABLE BEAMS,6500,224268.367,218823.397,26.9,HFOC
324022:7256,402:402,10/04/18 09:26:03,STABLE BEAMS,6500,224344.704,218905.129,26.9,HFOC
324022:7256,403:403,10/04/18 09:26:26,STABLE BEAMS,6500,224067.750,218613.054,26.9,HFOC
324022:7256,404:404,10/04/18 09:26:49,STABLE BEAMS,6500,223225.177,217817.226,26.8,HFOC
324022:7256,405:405,10/04/18 09:27:13,STABLE BEAMS,6500,223133.228,217741.196,26.8,HFOC
324022:7256,406:406,10/04/18 09:27:36,STABLE BEAMS,6500,222907.935,217489.462,26.8,HFOC
324022:7256,407:407,10/04/18 09:27:59,STABLE BEAMS,6500,222701.467,217314.028,26.7,HFOC
324022:7256,408:408,10/04/18 09:28:23,STABLE BEAMS,6500,222570.516,214084.154,26.7,HFOC
324022:7256,409:409,10/04/18 09:28:46,STABLE BEAMS,6500,222525.080,217165.655,26.7,HFOC
324022:7256,410:410,10/04/18 09:29:09,STABLE BEAMS,6500,222587.124,217241.175,26.7,HFOC
324022:7256,411:411,10/04/18 09:29:33,STABLE BEAMS,6500,146122.261,143409.894,17.5,HFOC
324022:7256,412:412,10/04/18 09:29:56,STABLE BEAMS,6500,36981.194,36626.986,4.4,HFOC
324022:7256,413:413,10/04/18 09:30:19,STABLE BEAMS,6500,112758.931,111119.095,13.5,HFOC
324022:7256,414:414,10/04/18 09:30:43,STABLE BEAMS,6500,200562.847,196187.928,24.1,HFOC
324022:7256,415:415,10/04/18 09:31:06,STABLE BEAMS,6500,203784.701,199220.483,24.5,HFOC
324022:7256,416:416,10/04/18 09:31:29,STABLE BEAMS,6500,111455.391,109782.808,13.4,HFOC
324022:7256,417:417,10/04/18 09:31:52,STABLE BEAMS,6500,39685.304,39292.745,4.8,HFOC
324022:7256,418:418,10/04/18 09:32:16,STABLE BEAMS,6500,142533.722,140002.186,17.1,HFOC
324022:7256,419:419,10/04/18 09:32:39,STABLE BEAMS,6500,38505.008,38132.386,4.6,HFOC
324022:7256,420:420,10/04/18 09:33:02,STABLE BEAMS,6500,106921.559,105409.162,12.8,HFOC
324022:7256,421:421,10/04/18 09:33:26,STABLE BEAMS,6500,201222.993,196812.061,24.1,HFOC
324022:7256,422:422,10/04/18 09:33:49,STABLE BEAMS,6500,199834.927,195438.092,24.0,HFOC
324022:7256,423:423,10/04/18 09:34:12,STABLE BEAMS,6500,103486.570,100534.562,12.4,HFOC
324022:7256,424:424,10/04/18 09:34:36,STABLE BEAMS,6500,37561.351,37195.046,4.5,HFOC
324022:7256,425:425,10/04/18 09:34:59,STABLE BEAMS,6500,196762.611,192526.387,23.6,HFOC
324022:7256,426:426,10/04/18 09:35:22,STABLE BEAMS,6500,220150.575,214861.151,26.4,HFOC
324022:7256,427:427,10/04/18 09:35:46,STABLE BEAMS,6500,220076.445,214829.570,26.4,HFOC
324022:7256,428:428,10/04/18 09:36:09,STABLE BEAMS,6500,219989.493,214679.915,26.4,HFOC
324022:7256,429:429,10/04/18 09:36:32,STABLE BEAMS,6500,219906.272,214631.745,26.4,HFOC
324022:7256,430:430,10/04/18 09:36:56,STABLE BEAMS,6500,219681.168,214390.677,26.4,HFOC
324022:7256,431:431,10/04/18 09:37:19,STABLE BEAMS,6500,219806.379,211510.836,26.4,HFOC
324022:7256,432:432,10/04/18 09:37:42,STABLE BEAMS,6500,219711.165,214465.440,26.4,HFOC
324022:7256,433:433,10/04/18 09:38:05,STABLE BEAMS,6500,219590.363,214373.242,26.4,HFOC
324022:7256,434:434,10/04/18 09:38:29,STABLE BEAMS,6500,219449.598,214236.670,26.3,HFOC
324022:7256,435:435,10/04/18 09:38:52,STABLE BEAMS,6500,219368.597,214147.594,26.3,HFOC
324022:7256,436:436,10/04/18 09:39:15,STABLE BEAMS,6500,219033.501,213808.775,26.3,HFOC
324022:7256,437:437,10/04/18 09:39:39,STABLE BEAMS,6500,218968.917,213777.190,26.3,HFOC
324022:7256,438:438,10/04/18 09:40:02,STABLE BEAMS,6500,218851.954,213671.121,26.3,HFOC
324022:7256,439:439,10/04/18 09:40:25,STABLE BEAMS,6500,219052.340,213856.352,26.3,HFOC
324022:7256,440:440,10/04/18 09:40:49,STABLE BEAMS,6500,219191.351,213911.694,26.3,HFOC
324022:7256,441:441,10/04/18 09:41:12,STABLE BEAMS,6500,219239.589,175508.133,26.3,HFOC
324022:7256,442:442,10/04/18 09:41:35,STABLE BEAMS,6500,218977.002,159615.479,26.3,HFOC
324022:7256,443:443,10/04/18 09:41:59,STABLE BEAMS,6500,218907.428,213713.273,26.3,HFOC
324022:7256,444:444,10/04/18 09:42:22,STABLE BEAMS,6500,218841.122,213649.382,26.3,HFOC
324022:7256,445:445,10/04/18 09:42:45,STABLE BEAMS,6500,218520.668,213357.553,26.2,HFOC
324022:7256,446:446,10/04/18 09:43:08,STABLE BEAMS,6500,218454.321,213250.499,26.2,HFOC
324022:7256,447:447,10/04/18 09:43:32,STABLE BEAMS,6500,218370.950,213191.270,26.2,HFOC
324022:7256,448:448,10/04/18 09:43:55,STABLE BEAMS,6500,218203.337,212978.045,26.2,HFOC
324022:7256,449:449,10/04/18 09:44:18,STABLE BEAMS,6500,218030.826,212885.690,26.2,HFOC
324022:7256,450:450,10/04/18 09:44:42,STABLE BEAMS,6500,217910.078,212775.483,26.2,HFOC
324022:7256,451:451,10/04/18 09:45:05,STABLE BEAMS,6500,217776.793,209516.368,26.1,HFOC
324022:7256,452:452,10/04/18 09:45:28,STABLE BEAMS,6500,217645.325,212430.696,26.1,HFOC
324022:7256,453:453,10/04/18 09:45:52,STABLE BEAMS,6500,217472.455,149600.898,26.1,HFOC
324022:7256,454:454,10/04/18 09:46:15,STABLE BEAMS,6500,217374.392,212259.678,26.1,HFOC
324022:7256,455:455,10/04/18 09:46:38,STABLE BEAMS,6500,217276.560,212168.115,26.1,HFOC
324022:7256,456:456,10/04/18 09:47:02,STABLE BEAMS,6500,217162.361,212023.250,26.1,HFOC
324022:7256,457:457,10/04/18 09:47:25,STABLE BEAMS,6500,217033.127,211935.268,26.0,HFOC
324022:7256,458:458,10/04/18 09:47:48,STABLE BEAMS,6500,216855.080,211741.096,26.0,HFOC
324022:7256,459:459,10/04/18 09:48:11,STABLE BEAMS,6500,216774.519,211695.654,26.0,HFOC
324022:7256,460:460,10/04/18 09:48:35,STABLE BEAMS,6500,216649.846,211516.002,26.0,HFOC
324022:7256,461:461,10/04/18 09:48:58,STABLE BEAMS,6500,217093.662,211976.137,26.1,HFOC
324022:7256,462:462,10/04/18 09:49:21,STABLE BEAMS,6500,217095.539,211989.840,26.1,HFOC
324022:7256,463:463,10/04/18 09:49:45,STABLE BEAMS,6500,216922.291,208654.668,26.0,HFOC
324022:7256,464:464,10/04/18 09:50:08,STABLE BEAMS,6500,216799.883,211722.205,26.0,HFOC
324022:7256,465:465,10/04/18 09:50:31,STABLE BEAMS,6500,216690.863,205510.409,26.0,HFOC
324022:7256,466:466,10/04/18 09:50:55,STABLE BEAMS,6500,216562.203,208444.048,26.0,HFOC
324022:7256,467:467,10/04/18 09:51:18,STABLE BEAMS,6500,216354.718,211283.211,26.0,HFOC
324022:7256,468:468,10/04/18 09:51:41,STABLE BEAMS,6500,216226.150,211159.275,25.9,HFOC
324022:7256,469:469,10/04/18 09:52:05,STABLE BEAMS,6500,216120.915,210940.130,25.9,HFOC
324022:7256,470:470,10/04/18 09:52:28,STABLE BEAMS,6500,215966.184,210906.845,25.9,HFOC
324022:7256,471:471,10/04/18 09:52:51,STABLE BEAMS,6500,215845.699,207773.877,25.9,HFOC
324022:7256,472:472,10/04/18 09:53:15,STABLE BEAMS,6500,215683.862,210645.592,25.9,HFOC
324022:7256,473:473,10/04/18 09:53:38,STABLE BEAMS,6500,215524.499,210510.276,25.9,HFOC
324022:7256,474:474,10/04/18 09:54:01,STABLE BEAMS,6500,215371.132,210341.618,25.8,HFOC
324022:7256,475:475,10/04/18 09:54:25,STABLE BEAMS,6500,215264.552,210207.831,25.8,HFOC
324022:7256,476:476,10/04/18 09:54:48,STABLE BEAMS,6500,215192.181,210182.678,25.8,HFOC
324022:7256,477:477,10/04/18 09:55:11,STABLE BEAMS,6500,215152.397,210124.108,25.8,HFOC
324022:7256,478:478,10/04/18 09:55:34,STABLE BEAMS,6500,215104.214,210073.148,25.8,HFOC
324022:7256,479:479,10/04/18 09:55:58,STABLE BEAMS,6500,215085.231,210081.610,25.8,HFOC
324022:7256,480:480,10/04/18 09:56:21,STABLE BEAMS,6500,214925.412,209912.954,25.8,HFOC
324022:7256,481:481,10/04/18 09:56:44,STABLE BEAMS,6500,214784.807,206771.427,25.8,HFOC
324022:7256,482:482,10/04/18 09:57:08,STABLE BEAMS,6500,214636.962,209656.668,25.8,HFOC
324022:7256,483:483,10/04/18 09:57:31,STABLE BEAMS,6500,214515.568,209528.695,25.7,HFOC
324022:7256,484:484,10/04/18 09:57:54,STABLE BEAMS,6500,214387.941,209412.545,25.7,HFOC
324022:7256,485:485,10/04/18 09:58:18,STABLE BEAMS,6500,214243.592,206001.819,25.7,HFOC
324022:7256,486:486,10/04/18 09:58:41,STABLE BEAMS,6500,214121.748,209139.230,25.7,HFOC
324022:7256,487:487,10/04/18 09:59:04,STABLE BEAMS,6500,213998.761,209030.633,25.7,HFOC
324022:7256,488:488,10/04/18 09:59:28,STABLE BEAMS,6500,213778.076,208806.428,25.7,HFOC
324022:7256,489:489,10/04/18 09:59:51,STABLE BEAMS,6500,213604.261,208643.523,25.6,HFOC
324022:7256,490:490,10/04/18 10:00:14,STABLE BEAMS,6500,213658.025,208687.665,25.6,HFOC
324022:7256,491:491,10/04/18 10:00:37,STABLE BEAMS,6500,213444.396,208485.425,25.6,HFOC
324022:7256,492:492,10/04/18 10:01:01,STABLE BEAMS,6500,213312.342,208373.874,25.6,HFOC
324022:7256,493:493,10/04/18 10:01:24,STABLE BEAMS,6500,213200.046,208260.561,25.6,HFOC
324022:7256,494:494,10/04/18 10:01:47,STABLE BEAMS,6500,213227.027,208270.877,25.6,HFOC
324022:7256,495:495,10/04/18 10:02:11,STABLE BEAMS,6500,212855.564,204966.426,25.5,HFOC
324022:7256,496:496,10/04/18 10:02:34,STABLE BEAMS,6500,212821.053,207888.857,25.5,HFOC
324022:7256,497:497,10/04/18 10:02:57,STABLE BEAMS,6500,212812.595,207845.564,25.5,HFOC
324022:7256,498:498,10/04/18 10:03:21,STABLE BEAMS,6500,212551.910,207655.170,25.5,HFOC
324022:7256,499:499,10/04/18 10:03:44,STABLE BEAMS,6500,212391.350,207462.652,25.5,HFOC
324022:7256,500:500,10/04/18 10:04:07,STABLE BEAMS,6500,212200.841,207324.846,25.5,HFOC
324022:7256,501:501,10/04/18 10:04:31,STABLE BEAMS,6500,212020.840,207149.864,25.4,HFOC
324022:7256,502:502,10/04/18 10:04:54,STABLE BEAMS,6500,211959.980,207081.841,25.4,HFOC
324022:7256,503:503,10/04/18 10:05:17,STABLE BEAMS,6500,211895.268,204048.716,25.4,HFOC
324022:7256,504:504,10/04/18 10:05:41,STABLE BEAMS,6500,211825.523,206942.848,25.4,HFOC
324022:7256,505:505,10/04/18 10:06:04,STABLE BEAMS,6500,211674.570,206818.003,25.4,HFOC
324022:7256,506:506,10/04/18 10:06:27,STABLE BEAMS,6500,211554.685,206697.337,25.4,HFOC
324022:7256,507:507,10/04/18 10:06:50,STABLE BEAMS,6500,211429.746,206578.572,25.4,HFOC
324022:7256,508:508,10/04/18 10:07:14,STABLE BEAMS,6500,211275.728,206422.161,25.4,HFOC
324022:7256,509:509,10/04/18 10:07:37,STABLE BEAMS,6500,211116.480,206292.315,25.3,HFOC
324022:7256,510:510,10/04/18 10:08:00,STABLE BEAMS,6500,210946.195,206113.825,25.3,HFOC
324022:7256,511:511,10/04/18 10:08:24,STABLE BEAMS,6500,210796.738,205988.463,25.3,HFOC
324022:7256,512:512,10/04/18 10:08:47,STABLE BEAMS,6500,210688.786,205869.808,25.3,HFOC
324022:7256,513:513,10/04/18 10:09:10,STABLE BEAMS,6500,210579.846,205773.494,25.3,HFOC
324022:7256,514:514,10/04/18 10:09:34,STABLE BEAMS,6500,210460.333,205630.129,25.3,HFOC
324022:7256,515:515,10/04/18 10:09:57,STABLE BEAMS,6500,210331.120,205526.986,25.2,HFOC
324022:7256,516:516,10/04/18 10:10:20,STABLE BEAMS,6500,210679.532,205850.483,25.3,HFOC
324022:7256,517:517,10/04/18 10:10:44,STABLE BEAMS,6500,210845.079,206029.931,25.3,HFOC
324022:7256,518:518,10/04/18 10:11:07,STABLE BEAMS,6500,210643.038,205812.368,25.3,HFOC
324022:7256,519:519,10/04/18 10:11:30,STABLE BEAMS,6500,210536.672,205723.175,25.3,HFOC
324022:7256,520:520,10/04/18 10:11:53,STABLE BEAMS,6500,210405.523,205593.707,25.2,HFOC
324022:7256,521:521,10/04/18 10:12:17,STABLE BEAMS,6500,210177.876,205371.360,25.2,HFOC
324022:7256,522:522,10/04/18 10:12:40,STABLE BEAMS,6500,210122.058,205331.727,25.2,HFOC
324022:7256,523:523,10/04/18 10:13:03,STABLE BEAMS,6500,209957.736,202167.034,25.2,HFOC
324022:7256,524:524,10/04/18 10:13:27,STABLE BEAMS,6500,209785.009,205012.735,25.2,HFOC
324022:7256,525:525,10/04/18 10:13:50,STABLE BEAMS,6500,209613.246,204833.706,25.2,HFOC
324022:7256,526:526,10/04/18 10:14:13,STABLE BEAMS,6500,209440.144,204672.116,25.1,HFOC
324022:7256,527:527,10/04/18 10:14:37,STABLE BEAMS,6500,209307.449,204568.576,25.1,HFOC
324022:7256,528:528,10/04/18 10:15:00,STABLE BEAMS,6500,209120.225,204351.334,25.1,HFOC
324022:7256,529:529,10/04/18 10:15:23,STABLE BEAMS,6500,208954.646,204200.389,25.1,HFOC
324022:7256,530:530,10/04/18 10:15:47,STABLE BEAMS,6500,208830.406,204081.658,25.1,HFOC
324022:7256,531:531,10/04/18 10:16:10,STABLE BEAMS,6500,208726.943,203991.382,25.0,HFOC
324022:7256,532:532,10/04/18 10:16:33,STABLE BEAMS,6500,207378.403,202694.270,24.9,HFOC
324022:7256,533:533,10/04/18 10:16:57,STABLE BEAMS,6500,204268.948,196887.584,24.5,HFOC
324022:7256,534:534,10/04/18 10:17:20,STABLE BEAMS,6500,201361.467,196943.036,24.2,HFOC
324022:7256,535:535,10/04/18 10:17:43,STABLE BEAMS,6500,195215.975,191044.624,23.4,HFOC
324022:7256,536:536,10/04/18 10:18:06,STABLE BEAMS,6500,198121.954,193808.784,23.8,HFOC
324022:7256,537:537,10/04/18 10:18:30,STABLE BEAMS,6500,207832.883,203116.239,24.9,HFOC
324022:7256,538:538,10/04/18 10:18:53,STABLE BEAMS,6500,207876.593,203171.556,24.9,HFOC
324022:7256,539:539,10/04/18 10:19:16,STABLE BEAMS,6500,207758.865,203073.147,24.9,HFOC
324022:7256,540:540,10/04/18 10:19:40,STABLE BEAMS,6500,207574.572,202871.945,24.9,HFOC
324022:7256,541:541,10/04/18 10:20:03,STABLE BEAMS,6500,207419.907,194046.606,24.9,HFOC
324022:7256,542:542,10/04/18 10:20:26,STABLE BEAMS,6500,207255.129,202578.873,24.9,HFOC
324022:7256,543:543,10/04/18 10:20:50,STABLE BEAMS,6500,207038.752,202356.291,24.8,HFOC
324022:7256,544:544,10/04/18 10:21:13,STABLE BEAMS,6500,206974.605,202292.099,24.8,HFOC
324022:7256,545:545,10/04/18 10:21:36,STABLE BEAMS,6500,206818.302,198995.603,24.8,HFOC
324022:7256,546:546,10/04/18 10:22:00,STABLE BEAMS,6500,206734.552,202079.764,24.8,HFOC
324022:7256,547:547,10/04/18 10:22:23,STABLE BEAMS,6500,206593.141,201955.538,24.8,HFOC
324022:7256,548:548,10/04/18 10:22:46,STABLE BEAMS,6500,206515.994,201860.301,24.8,HFOC
324022:7256,549:549,10/04/18 10:23:10,STABLE BEAMS,6500,206375.276,201729.542,24.8,HFOC
324022:7256,550:550,10/04/18 10:23:33,STABLE BEAMS,6500,206247.010,200375.816,24.8,HFOC
324022:7256,551:551,10/04/18 10:23:56,STABLE BEAMS,6500,206119.595,200076.648,24.7,HFOC
324022:7256,552:552,10/04/18 10:24:19,STABLE BEAMS,6500,206008.333,200150.321,24.7,HFOC
324022:7256,553:553,10/04/18 10:24:43,STABLE BEAMS,6500,205958.571,200143.697,24.7,HFOC
324022:7256,554:554,10/04/18 10:25:06,STABLE BEAMS,6500,205823.733,197154.917,24.7,HFOC
#Summary:
#nfill,nrun,nls,ncms,totdelivered(/ub),totrecorded(/ub)
#2,2,1055,1055,294209340.884,284761798.966
#Check JSON:
#(run,ls) in json but not in results: []
